brand,model_name,price,price_num,head_size,head_size_in2,length,length_in,weight,weight_g,tension,tension_low_lbs,tension_high_lbs,tension_mid_lbs,balance,balance_pts,beam_width,beam_mm_avg,composition,flex,flex_ra,grip_type,power_lv,power_lv_num,string_pa,swing_sp,swing_sp_num,swing_we,swing_weight
Dunlop,CX 200,$219.99,219.99,98 sq. in MP,98.0,27 inches,27.0,Strung — 11.4 oz / 323 g Unstrung — 10.8 oz / 305 g,323.0,45-60 Pounds,45.0,60.0,52.5,6 Pts Head Light,-6.0,21.5mm,21.5,Sonic Core with Infinergy,64,64.0,Dunlop Synthetic,Low,1.0,"16 Mains / 19 CrossesMains Skip: 8T, 8HTwo PieceNo Shared Holes","Fast, Long Swing",3.0,326,326.0
Head,Radical Pro,$239.95,239.95,98 sq. in MP,98.0,27 inches,27.0,Strung — 11.7 oz / 331 g Unstrung — 11.1 oz / 315 g,331.0,48-57 Pounds,48.0,57.0,52.5,6 Pts Head Light,-6.0,20/21.5/21mm,21.0,Graphene 360+ / Graphite,64,64.0,Head Hydrosob Pro,Low,1.0,"16 Mains / 19 CrossesMains Skip: 8T, 8HTwo PieceNo Shared Holes","Fast, Long Swing",3.0,329,329.0
Tecnifibre,T-Fight 280,$209.95,209.95,100 sq. in MP,100.0,27 inches,27.0,Strung — 10.5 oz / 297 g Unstrung — 9.9 oz / 280 g,297.0,49-55 Pounds,49.0,55.0,52.0,3 Pts Head Light,-3.0,23mm,23.0,Dynacore XTC / Graphite,70,70.0,Xtra Feel Blazon,Medium,2.0,"16 Mains / 19 CrossesMains Skip: 7T, 9T, 7H, 9HTwo PieceNo Shared Holes","Medium, Moderate Swing",2.0,313,313.0
Tecnifibre,T-Fight 305,$229.95,229.95,98 sq. in MP,98.0,27 inches,27.0,Strung — 11.4 oz / 322 g Unstrung — 10.8 oz / 305 g,322.0,49-55 Pounds,49.0,55.0,52.0,3 Pts Head Light,-3.0,22.5mm,22.5,Dynacore XTC / Graphite,68,68.0,Xtra Feel Blazon,Low,1.0,"18 Mains / 19 CrossesMains Skip: 7T, 9T, 7H, 9HTwo PieceNo Shared Holes","Fast, Long Swing",3.0,331,331.0
Tecnifibre,T-Fight 300,$219.95,219.95,98 sq. in MP,98.0,27 inches,27.0,Strung — 11.2 oz / 317 g Unstrung — 10.6 oz / 300 g,317.0,49-55 Pounds,49.0,55.0,52.0,4 Pts Head Light,-4.0,22.5mm,22.5,Dynacore XTC / Graphite,67,67.0,Xtra Feel Blazon,Low,1.0,"16 Mains / 19 CrossesMains Skip: 7T, 9T, 7H, 9HTwo PieceNo Shared Holes","Fast, Long Swing",3.0,316,316.0
Tecnifibre,T-Fight 295,$209.95,209.95,100 sq. in MP,100.0,27 inches,27.0,Strung — 11.0 oz / 312 g Unstrung — 10.4 oz / 295 g,312.0,49-55 Pounds,49.0,55.0,52.0,3 Pts Head Light,-3.0,23mm,23.0,Dynacore XTC / Graphite,72,72.0,Xtra Feel Blazon,Medium,2.0,"16 Mains / 19 CrossesMains Skip: 7T, 9T, 7H, 9HTwo PieceNo Shared Holes","Medium, Moderate Swing",2.0,318,318.0
Wilson,Ultra 100UL,$129,129.0,100 sq. in MP,100.0,27 inches,27.0,Strung — 9.8 oz / 278 g Unstrung — 9.2 oz / 261 g,278.0,50-60 Pounds,50.0,60.0,55.0,2 Pts Head Light,-2.0,23/25/23mm,23.0,High Performance Carbon Fiber,66,66.0,Sublime,Medium,2.0,"18 Mains / 16 CrossesMains Skip: 9T, 9HTwo PieceShared Holes: 7T, 8T","Medium, Moderate Swing",2.0,301,301.0
Wilson,Ultra 100UL,$139,139.0,100 sq. in MP,100.0,27 inches,27.0,Strung — 10.3 oz / 292 g Unstrung — 9.8 oz / 278 g,292.0,50-60 Pounds,50.0,60.0,55.0,3 Pts Head Light,-3.0,23/26.5/22.5mm,22.5,Carbon Fiber,69,69.0,Wilson Sublime,Medium,2.0,"16 Mains / 19 CrossesMains Skip: 8T, 8HTwo PieceNo Shared Holes","Medium, Moderate Swing",2.0,300,300.0
Head,Head 104 (285g),$199.95,199.95,104 sq. in MP,104.0,27 inches,27.0,Strung — 10.7 oz / 303 g Unstrung — 10.1 oz / 285 g,303.0,48-57 Pounds,48.0,57.0,52.5,3 Pts Head Light,-3.0,24mm,24.0,Graphene 360+ / Graphite,60,60.0,Head Hydrosorb Pro,Medium,2.0,"16 Mains / 20 CrossesMains Skip: 7T, 9T, 7H, 9HTwo PieceNo Shared Holes","Medium, Moderate Swing",2.0,310,310.0
Head,Head 100 (315g),$239.95,239.95,100 sq. in MP,100.0,27 inches,27.0,Strung — 11.7 oz / 331 g Unstrung — 11.1 oz / 315 g,331.0,48-57 Pounds,48.0,57.0,52.5,6 Pts Head Light,-6.0,20mm,20.0,Graphene 360+ / Graphite,62,62.0,Head Hydrosorb Pro,Low,1.0,"18 Mains / 20 CrossesMains Skip: 8T, 8H, 10T, 10HTwo PieceNo Shared Holes","Fast, Long Swing",3.0,330,330.0
Babolat,Pure Drive,$229,229.0,100 sq. in MP,100.0,27.5 inches,27.5,Strung — 11.2 oz / 318 g Unstrung — 10.6 oz / 300 g,318.0,50-59 Pounds,50.0,59.0,54.5,6 Pts Head ight,6.0,23/26/23mm,23.0,HTR / Graphite,70,70.0,Syntec Pro,Medium,2.0,"16 Mains / 19 CrossesMains Skip: 7T, 9T, 7H, 9HTwo PieceNo Shared Holes","Fast, Long Swing",3.0,320,320.0
Wilson,Blade 98 (16x19),$159,159.0,98 sq. in MP,98.0,27 inches,27.0,Strung — 11.3 oz / 320 g Unstrung — 10.7 oz / 304 g,320.0,50-60 Pounds,50.0,60.0,55.0,3 Pts Head Light,-3.0,20.6 mm,20.6,Braided Graphite / Basalt,66,66.0,Wilson Sublime,Low,1.0,"16 Mains / 19 CrossesMains Skip: 8T, 8HTwo PieceNo Shared Holes","Fast, Long Swing",3.0,325,325.0
Yonex,VCORE 100,$239,239.0,100 sq. in MP,100.0,27 inches,27.0,Strung — 11.2 oz / 318 g Unstrung — 10.6 oz / 300 g,318.0,45-60 Pounds,45.0,60.0,52.5,4 Pts Head Light,-4.0,24/25/22mm,22.0,2G-NAMD Flex Force / Graphite / VDM,66,66.0,Yonex Synthetic,Medium,2.0,"16 Mains / 19 CrossesMains Skip: 8T, 8HTwo PieceNo Shared Holes","Medium, Moderate Swing",2.0,324,324.0
Yonex,Yonex 100 (285g),$239,239.0,100 sq. in MP,100.0,27 inches,27.0,Strung — 10.6 oz / 301 g Unstrung — 10.1 oz / 285 g,301.0,45-60 Pounds,45.0,60.0,52.5,3 Pts Head Light,-3.0,23.5/26/22mm,22.0,HM Graphite / M40X with VDM HM Graphite / M40X / VDM,68,68.0,Yonex Synthetic,Medium,2.0,"16 Mains / 19 CrossesMains Skip: 8T,8HTwo PieceNo Shared Holes","Medium, Moderate Swing",2.0,311,311.0
Head,Gravity MP,$229.95,229.95,100 sq. in MP,100.0,27 inches,27.0,Strung — 11.0 oz / 312 g Unstrung — 10.4 oz / 295 g,312.0,48-57 Pounds,48.0,57.0,52.5,3 Pts Head Light,-3.0,22mm,22.0,Graphene 360+ / Graphite,61,61.0,Head Hydrosorb Pro,Low,1.0,"16 Mains / 20 CrossesMains Skip: 7T, 9T, 7H, 9HTwo PieceNo Shared Holes","Fast, Long Swing",3.0,320,320.0
Babolat,Pure Drive Team,$209,209.0,100 sq. in MP,100.0,27 inches,27.0,Strung — 10.6 oz / 301 g Unstrung — 10.1 oz / 286 g,301.0,50-59 Pounds,50.0,59.0,54.5,4 Pts Head Light,-4.0,23/26/23mm,23.0,HTR / Graphite,70,70.0,Syntec Pro,Medium,2.0,"16 Mains / 19 CrossesMains Skip: 7T, 9T, 7H, 9HTwo PieceNo Shared Holes","Medium, Moderate Swing",2.0,316,316.0
Wilson,Pro Staff 97L,$219,219.0,97 sq. in MP,97.0,27 inches,27.0,Strung — 10.8 oz / 306 g Unstrung — 10.2 oz / 290 g,306.0,50-60 Pounds,50.0,60.0,55.0,3 Pts Head Light,-3.0,23mm,23.0,Braided Graphite / Kevlar,70,70.0,Wilson Pro Performance,Medium,2.0,"16 Mains / 19 CrossesMains Skip: 7T, 9T, 7H, 9HTwo PieceNo Shared Holes","Fast, Long Swing",3.0,315,315.0
Head,Head 104 (270g),$189.95,189.95,104 sq. in MP,104.0,27 inches,27.0,Strung — 10.1 oz / 286 g Unstrung — 9.5 oz / 270 g,286.0,52-62 Pounds,52.0,62.0,57.0,Even Balance,0.0,24mm,24.0,Graphene 360+ / Graphite,60,60.0,Head Hydrosorb Pro,High,3.0,"16 Mains / 20 CrossesMains Skip: 7T, 9T, 7H, 9HTwo PieceNo Shared Holes","Slow, Compact Swing",1.0,300,300.0
Dunlop,Dunlop 95 (315g),$219.99,219.99,95 sq. in MP,95.0,27 inches,27.0,Strung — 11.7 oz / 332 g Unstrung — 11.1 oz / 315 g,332.0,45-65 Pounds,45.0,65.0,55.0,7 Pts Head Light,-7.0,20.5mm,20.5,Sonic Core with Infinergy / Graphite,63,63.0,Leather,Low,1.0,"18 mains / 20 CrossesMains Skip: 8T, 10T, 8H, 10HTwo PieceNo Shared Holes","Fast, Long Swing",3.0,318,318.0
Wilson,Ultra 100,$199,199.0,100 sq. in MP,100.0,27 inches,27.0,Strung — 11.1 oz / 315 g Unstrung — 10.6 oz / 300 g,315.0,48-57 Pounds,48.0,57.0,52.5,4 Pts Head Light,-4.0,24/26/23mm,23.0,High Performance Carbon Fiber,72,72.0,Wilson Pro Performance,Medium,2.0,"16 Mains / 19 CrossesMains Skip: 8T, 8HTwo PieceNo Shared Holes","Medium, Moderate Swing",2.0,310,310.0
Wilson,Ultra 100UL,$139,139.0,100 sq. in MP,100.0,27 inches,27.0,Strung — 10.5 oz / 298 g Unstrung — 9.9 oz / 281 g,298.0,50-60 Pounds,50.0,60.0,55.0,3 Pts Head Light,-3.0,23/25/23mm,23.0,High Performance Carbon Fiber,69,69.0,Sublime,Medium,2.0,"18 Mains / 16 CrossesMains Skip: 9T, 9HTwo PieceShared Holes: 7T, 8T","Medium, Moderate Swing",2.0,315,315.0
Head,Head 107 (270g),$179.95,179.95,107 sq. in OS,107.0,27.2 inches,27.2,Strung — 10.0 oz / 283 g Unstrung — 9.5 oz / 270 g,283.0,48-57 Pounds,48.0,57.0,52.5,1 Pts Head Heavy,1.0,23/26/23mm,23.0,Graphene 360+ / Graphite,62,62.0,Head Hydrosob Pro,Medium,2.0,"16 Mains / 19 CrossesMains Skip: 8T, 8HTwo PieceNo Shared Holes","Medium, Moderate Swing",2.0,305,305.0
Yonex,Yonex 100 (280g),$229,229.0,100 sq. in MP,100.0,27 inches,27.0,Strung — 10.5 oz / 298 g Unstrung — 9.9 oz / 280 g,298.0,45-60 Pounds,45.0,60.0,52.5,2 Pts Head Light,-2.0,24/25/22mm,22.0,2G-NAMD Flex Force / Graphite / VDM,66,66.0,Yonex Synthetic,Medium,2.0,"16 Mains / 19 CrossesMains Skip: 8T, 8HTwo PieceNo Shared Holes","Medium, Moderate Swing",2.0,306,306.0
Yonex,EZONE 98,$239,239.0,98 sq. in MP,98.0,27 inches,27.0,Strung — 11.4 oz / 323 g Unstrung — 10.8 oz / 305 g,323.0,45-60 Pounds,45.0,60.0,52.5,6 Pts Head Light,-6.0,22.5/23/21mm,21.0,2G-NAMD Flex Force / Graphite / VDM,65,65.0,Yonex Synthetic,Low,1.0,"16 Mains / 19 CrossesMains Skip: 8T, 8HTwo PieceNo Shared Holes","Fast, Long Swing",3.0,325,325.0
Yonex,Yonex 98 (285g),$229,229.0,98 sq. in MP,98.0,27 inches,27.0,Strung — 10.8 oz / 306 g Unstrung — 10.1 oz / 285 g,306.0,45-60 Pounds,45.0,60.0,52.5,6 Pts Head Light,-6.0,22.5/23/21mm,21.0,2G-NAMD Flex Force / Graphite / VDM,65,65.0,Yonex Synthetic,Low,1.0,"16 Mains / 19 CrossesMains Skip: 8T, 8HTwo PieceNo Shared Holes","Medium, Moderate Swing",2.0,307,307.0
Head,Speed MP,$229.95,229.95,100 sq. in MP,100.0,27 inches,27.0,Strung — 11.2 oz / 318 g Unstrung — 10.6 oz / 300 g,318.0,48-57 Pounds,48.0,57.0,52.5,4 Pts Head Light,-4.0,23mm,23.0,Graphene 360+ / Graphite,64,64.0,Head Hydrosorb Pro,Low,1.0,"16 Mains / 19 CrossesMains Skip: 7T, 9T, 7H, 9HTwo PieceNo Shared Holes","Fast, Long Swing",3.0,329,329.0
Tecnifibre,T-Fight 315,$229.95,229.95,98 sq. in MP,98.0,27 inches,27.0,Strung — 11.7 oz / 332 g Unstrung — 11.1 oz / 315 g,332.0,49-55 Pounds,49.0,55.0,52.0,7 Pts Head Light,-7.0,22.5mm,22.5,Dynacore XTC / Graphite,69,69.0,Xtra Feel Blazon,Low,1.0,"16 Mains / 19 CrossesMains Skip: 7T, 9T, 7H, 9HTwo PieceNo Shared Holes","Fast, Long Swing",3.0,323,323.0
Yonex,EZONE 100,$239,239.0,100 sq. in MP,100.0,27 inches,27.0,Strung — 11.2 oz / 318 g Unstrung — 10.6 oz / 300 g,318.0,45-60 Pounds,45.0,60.0,52.5,4 Pts Head Light,-4.0,23.5/26/22mm,22.0,HM Graphite / M40X with VDM HM Graphite / M40X / VDM,68,68.0,Yonex Synthetic,Medium,2.0,"16 Mains / 19 CrossesMains Skip: 8T,8HTwo PieceNo Shared Holes","Medium, Moderate Swing",2.0,320,320.0
Pro,Pro 100 (300g),$199,199.0,100 sq. in MP,100.0,27 inches,27.0,Strung — 11.2 oz / 318 g Unstrung — 10.6 oz / 300 g,318.0,50-65 Pounds,50.0,65.0,57.5,4 Pts Head Light,-4.0,21mm,21.0,SpiralTech Graphite,55,55.0,Synthetic,Low,1.0,"16 Mains / 19 CrossesMains Skip: 8T,8HTwo PieceNo Shared Holes","Fast, Long Swing",3.0,319,319.0
Wilson,Ultra 100,$159,159.0,100 sq. in MP,100.0,27 inches,27.0,Strung — 11.2 oz / 318 g Unstrung — 10.6 oz / 300 g,318.0,50-60 Pounds,50.0,60.0,55.0,4 Pts Head Light,-4.0,23/26.5/22.5mm,22.5,Carbon Fiber,73,73.0,Wilson Sublime,Medium,2.0,"16 Mains / 19 CrossesMains Skip: 8T, 8HTwo PieceNo Shared Holes","Medium, Moderate Swing",2.0,315,315.0
Wilson,Wilson 100 (305g),$149,149.0,100 sq. in MP,100.0,27 inches,27.0,Strung — 11.2 oz / 318 g Unstrung — 10.7 oz / 303 g,318.0,50-60 Pounds,50.0,60.0,55.0,4 Pts Head Light,-4.0,23/25/23mm,23.0,High Performance Carbon Fiber,72,72.0,Sublime,Medium,2.0,"16 Mains / 19 CrossesMains Skip: 8T, 8HTwo PieceShared Holes: 6T, 7T","Medium, Moderate Swing",2.0,333,333.0
Wilson,Ultra 100,$149,149.0,100 sq. in MP,100.0,27 inches,27.0,Strung — 11.2 oz / 318 g Unstrung — 10.6 oz / 301 g,318.0,50-60 Pounds,50.0,60.0,55.0,4 Pts Head Light,-4.0,23/25/23mm,23.0,High Performance Carbon Fiber,71,71.0,Sublime,Medium,2.0,"18 Mains / 16 CrossesMains Skip: 9T, 9HTwo PieceShared Holes: 7T, 8T","Medium, Moderate Swing",2.0,335,335.0
Dunlop,Dunlop 95 (310g),$219.99,219.99,95 sq. in MP,95.0,27 inches,27.0,Strung — 11.5 oz / 326 g Unstrung — 10.9 oz / 309 g,326.0,45-60 Pounds,45.0,60.0,52.5,7 Pts Head Light,-7.0,20.5mm,20.5,Sonic Core with Infinergy,63,63.0,Dunlop Synthetic,Low,1.0,"16 Mains / 19 CrossesMains Skip: 8T, 8HTwo PieceNo Shared Holes","Fast, Long Swing",3.0,319,319.0
Wilson,Pro Staff RF97,$249,249.0,97 sq. in MP,97.0,27 inches,27.0,Strung — 12.6 oz / 357 g Unstrung — 12.0 oz / 340 g,357.0,50-60 Pounds,50.0,60.0,55.0,9 Pts Head Light,-9.0,21.5 mm,21.5,Braided Graphite / Kevlar,68,68.0,Wilson Leather,Low,1.0,"16 Mains / 19 CrossesMains Skip: 7T, 9T, 7H, 9HTwo PieceNo Shared Holes","Fast, Long Swing",3.0,330,330.0
Babolat,Babolat 107 (285g),$209,209.0,107 sq. in OS,107.0,27.2 inches,27.2,Strung — 10.7 oz / 303 g Unstrung — 10.1 oz / 286 g,303.0,50-59 Pounds,50.0,59.0,54.5,5 Pts Head Light,-5.0,23/26/23mm,23.0,HTR / Graphite,66,66.0,Syntec Pro,Medium,2.0,"16 Mains / 19 CrossesMains Skip: 7T, 9T, 7H, 9HTwo PieceNo Shared Holes","Medium, Moderate Swing",2.0,310,310.0
Dunlop,SX 300,$199.99,199.99,100 sq. in MP,100.0,27 inches,27.0,Strung — 11.2 oz / 318 g Unstrung — 10.6 oz / 300 g,318.0,45-65 Pounds,45.0,65.0,55.0,4 Pts Head Light,-4.0,23mm,23.0,Sonic Core with Infinergy / Graphite,67,67.0,Dunlop Synthetic,Medium,2.0,"16 Mains / 19 CrossesMains Skip: 8T, 8HTwo PieceNo Shared Holes","Medium, Moderate Swing",2.0,322,322.0
Head,Head 102 (280g),$199.95,199.95,102 sq. in MP,102.0,27 inches,27.0,Strung — 10.5 oz / 298 g Unstrung — 9.9 oz / 280 g,298.0,48-57 Pounds,48.0,57.0,52.5,4 Pts Head Light,-4.0,22/25/23mm,23.0,Graphene 360+ / Graphite,60,60.0,Head Hydrosob Pro,Medium,2.0,"16 Mains / 19 CrossesMains Skip: 8T, 8HTwo PieceNo Shared Holes","Medium, Moderate Swing",2.0,310,310.0
Wilson,Wilson 98 (310g),$219,219.0,98 sq. in MP,98.0,27 inches,27.0,Strung — 11.4 oz / 323 g Unstrung — 10.8 oz / 308 g,323.0,50-60 Pounds,50.0,60.0,55.0,4 Pts Head Light,-4.0,20.6 mm,20.6,High Performance Carbon Fiber,62,62.0,Wilson Pro Performance,Low,1.0,"16 Mains / 19 CrossesMains Skip: 8T, 8HTwo PieceNo Shared Holes","Fast, Long Swing",3.0,331,331.0
Wilson,Pro Staff 97,$229,229.0,97 sq. in MP,97.0,27 inches,27.0,Strung — 11.7 oz /332 g Unstrung — 11.1 oz / 315 g,332.0,50-60 Pounds,50.0,60.0,55.0,7 Pts Head Light,-7.0,21.5 mm,21.5,Braided Graphite / Kevlar,65,65.0,Wilson Pro Performance,Low,1.0,"16 Mains / 19 CrossesMains Skip: 7T, 9T, 7H, 9HTwo PieceNo Shared Holes","Fast, Long Swing",3.0,320,320.0
Babolat,Pure Drive Lite,$199,199.0,100 sq. in MP,100.0,27 inches,27.0,Strung — 10.1 oz / 286 g Unstrung — 9.5 oz / 269 g,286.0,50-59 Pounds,50.0,59.0,54.5,4 Pts Head Light,-4.0,23/26/23mm,23.0,HTR / Graphite,70,70.0,Syntec Pro,Medium,2.0,"16 Mains / 19 CrossesMains Skip: 7T, 9T, 7H, 9HTwo PieceNo Shared Holes","Medium, Moderate Swing",2.0,300,300.0
Babolat,Pure Aero Tour,$229,229.0,100 sq. in MP,100.0,27 inches,27.0,Strung — 11.7 oz / 332 g Unstrung — 11.1 oz / 315 g,332.0,50-59 Pounds,50.0,59.0,54.5,6 Pts Head Light,-6.0,23/26/23mm,23.0,HTR / Graphite,72,72.0,Syntec Pro,Low,1.0,"16 Mains / 19 CrossesMains Skip: 7T, 10T, 7H, 10HTwo PieceNo Shared Holes","Fast, Long Swing",3.0,320,320.0
Yonex,EZONE 98,$239,239.0,98 sq. in MP,98.0,27 inches,27.0,Strung — 11.3 oz / 320 g Unstrung — 10.8 oz / 305 g,320.0,45-60 Pounds,45.0,60.0,52.5,6 Pts Head Light,-6.0,23/24/19mm,19.0,HM Graphite / M40X with VDM HM Graphite / M40X / VDM,64,64.0,Yonex Synthetic,Medium,2.0,"16 Mains / 19 CrossesMains Skip: 8T,8HTwo PieceNo Shared Holes","Fast, Long Swing",3.0,317,317.0
Dunlop,Dunlop 105 (295g),$199.99,199.99,105 sq. in OS,105.0,27 inches,27.0,Strung — 11.0 oz / 312 g Unstrung — 10.4 oz / 295 g,312.0,45-65 Pounds,45.0,65.0,55.0,3 Pts Head Light,-3.0,21.5mm,21.5,Sonic Core with Infinergy / Graphite,62,62.0,Dunlop Synthetic,Medium,2.0,"16 Mains / 19 CrossesMains Skip: 8T, 8HTwo PieceNo Shared Holes","Medium, Moderate Swing",2.0,313,313.0
Head,Head 98 (300g),$229.95,229.95,98 sq. in MP,98.0,27 inches,27.0,Strung — 11.2 oz / 318 g Unstrung — 10.6 oz / 300 g,318.0,48-57 Pounds,48.0,57.0,52.5,4 Pts Head Light,-4.0,20/23/21mm,21.0,Graphene 360+ / Graphite,64,64.0,Head Hydrosob Pro,Medium,2.0,"16 Mains / 19 CrossesMains Skip: 8T, 8HTwo PieceNo Shared Holes","Fast, Long Swing",3.0,325,325.0
Head,Extreme MP,$179.95,179.95,100 sq. in MP,100.0,27 inches,27.0,Strung — 11.2 oz / 318 g Unstrung — 10.6 oz / 300 g,318.0,48-57 Pounds,48.0,57.0,52.5,4 Pts Head Light,-4.0,23/26/23mm,23.0,Graphene 360+ / Graphite,63,63.0,Head Hydrosorb Pro,Medium,2.0,"16 Mains / 19 CrossesMains Skip: 8T, 8HTwo PieceNo Shared Holes","Fast, Long Swing",3.0,320,320.0
Head,Speed Pro,$239.95,239.95,100 sq. in MP,100.0,27 inches,27.0,Strung — 11.6 oz / 329 g Unstrung — 10.9 oz / 309 g,329.0,48-57 Pounds,48.0,57.0,52.5,6 Pts Head Light,-6.0,23mm,23.0,Graphene 360+ / Graphite,62,62.0,Head Hydrosorb Pro,Low,1.0,"18 Mains / 20 CrossesMains Skip: 8T, 10T, 8H, 10HTwo PieceNo Shared Holes","Fast, Long Swing",3.0,330,330.0
Dunlop,Dunlop 98 (290g),$199.99,199.99,98 sq. in MP,98.0,27 inches,27.0,Strung — 10.8 oz / 305 g Unstrung — 10.2 oz / 290 g,305.0,45-65 Pounds,45.0,65.0,55.0,3 Pts Head Light,-3.0,21.5mm,21.5,Sonic Core with Infinergy / Graphite,64,64.0,Dunlop Synthetic,Medium,2.0,"16 Mains / 19 CrossesMains Skip: 8T, 8HTwo PieceNo Shared Holes","Medium, Moderate Swing",2.0,315,315.0
Babolat,Babolat 110 (255g),$209,209.0,110 sq. in OS,110.0,27.6 inches,27.6,Strung — 9.6 oz / 272 g Unstrung — 9 oz / 255 g,272.0,50-59 Pounds,50.0,59.0,54.5,3 Pts Head Light,-3.0,24/27/24mm,24.0,HTR / Graphite,70,70.0,Syntec Pro,High,3.0,"16 Mains / 19 CrossesMains Skip: 7T, 9T, 7H, 9HTwo PieceNo Shared Holes","Slow, Compact Swing",1.0,304,304.0
Wilson,Clash 100L,$249,249.0,100 sq. in MP,100.0,27 inches,27.0,Strung — 10.9 oz / 310 g Unstrung — 10.4 oz / 295 g,310.0,48-57 Pounds,48.0,57.0,52.5,7 Pts Head Light,-7.0,24.5 mm,24.5,High Performance Carbon Fiber,49,49.0,Wilson Pro Performance,Medium,2.0,"16 Mains / 19 CrossesMains Skip: 7T, 9T, 7H, 9HTwo PieceNo Shared Holes","Fast, Long Swing",3.0,327,327.0
Yonex,Yonex 95 (310g),$239,239.0,95 sq. in MP,95.0,27 inches,27.0,Strung — 11.5 oz / 326 g Unstrung — 10.9 oz / 310 g,326.0,45-60 Pounds,45.0,60.0,52.5,7 Pts Head Light,-7.0,21.5/22/21mm,21.0,2G-NAMD Flex Force / Graphite / VDM,64,64.0,Yonex Synthetic,Low,1.0,"16 Mains / 20 CrossesMains Skip: 7T, 9T, 7H, 9HTwo PieceNo Shared Holes","Fast, Long Swing",3.0,324,324.0
Pro,Pro 100 (315g),$199,199.0,100 sq. in MP,100.0,27 inches,27.0,Strung — 11.8 oz / 335 g Unstrung — 11.1 oz / 315 g,335.0,50-65 Pounds,50.0,65.0,57.5,7 Pts Head Light,-7.0,21mm,21.0,SpiralTech Graphite,56,56.0,Synthetic,Low,1.0,"16 Mains / 19 CrossesMains Skip: 8T,8HTwo PieceNo Shared Holes","Fast, Long Swing",3.0,325,325.0
Dunlop,Dunlop 100 (285g),$199.99,199.99,100 sq. in MP,100.0,27 inches,27.0,Strung — 10.6 oz / 300 g Unstrung — 10.1 oz / 285 g,300.0,45-65 Pounds,45.0,65.0,55.0,1 Pts Head Light,-1.0,24mm,24.0,Sonic Core with Infinergy / Graphite,70,70.0,Dunlop Synthetic,Medium,2.0,"16 Mains / 19 CrossesMains Skip: 8T, 8HTwo PieceNo Shared Holes","Medium, Moderate Swing",2.0,315,315.0
Head,Head 100 (285g),$89.95,89.95,100 sq. in MP,100.0,27 inches,27.0,Strung — 10.7 oz / 303 g Unstrung — 10.1 oz / 285 g,303.0,48-57 Pounds,48.0,57.0,52.5,1 Pt Head Light,-1.0,22mm,22.0,Graphene XT / Graphite,68,68.0,Hydrosorb Pro,Low,1.0,"16 Mains / 19 CrossesMains Skip: NoneTwo Piece7T & H, 8T & H","Fast, Long Swing",3.0,317,317.0
Volkl,Volkl 100 (275g),$189.99,189.99,100 sq. in MP,100.0,27 inches,27.0,Strung — 10.3 oz / 292 g Unstrung — 9.7 oz / 275 g,292.0,50-60 Pounds,50.0,60.0,55.0,2 Pts Head Light,-2.0,24/26/23mm,23.0,V-Cell/Graphite,69,69.0,Volkl,Medium,2.0,"16 Mains / 19 CrossesMains Skip: 8T,8HTwo PieceNo Shared Holes","Medium, Moderate Swing",2.0,304,304.0
Yonex,EZONE 100,$229,229.0,100 sq. in MP,100.0,27.5 inches,27.5,Strung — 11.1 oz / 315 g Unstrung — 10.6 oz / 300 g,315.0,40-55 Pounds,40.0,55.0,47.5,3 Pts Head Light,-3.0,23.5/26/22mm,22.0,HM Graphite / M40X with VDM HM Graphite / M40X / VDM,70,70.0,Yonex Synthetic,Medium,2.0,"16 Mains / 19 CrossesMains Skip: 8T,8HTwo PieceNo Shared Holes","Medium, Moderate Swing",2.0,335,335.0
Dunlop,SX 300,$199.99,199.99,100 sq. in MP,100.0,27 inches,27.0,Strung — 11.2 oz / 318 g Unstrung — 10.6 oz / 300 g,318.0,45-65 Pounds,45.0,65.0,55.0,4 Pts Head Light,-4.0,23/26/23mm,23.0,Sonic Core with Infinergy & Graphite,65,65.0,Dunlop Viper Dry,Medium,2.0,"16 Mains / 19 CrossesMains Skip: 8T,8HTwo PieceNo Shared Holes","Medium, Moderate Swing",2.0,326,326.0
Head,Radical MP,$99.95,99.95,98 sq. in MP,98.0,27 inches,27.0,Strung — 11.0 oz / 312 g Unstrung — 10.4 oz / 295 g,312.0,48-57 Pounds,48.0,57.0,52.5,6 Pts Head Light,-6.0,20/23/21mm,21.0,Graphene XT / Graphite,64,64.0,Hydrosorb Pro,Low,1.0,"16 Mains / 19 CrossesMains Skip: 8T, 8HTwo PieceNo Shared Holes","Fast, Long Swing",3.0,322,322.0
Volkl,Volkl 100 (310g),$209.99,209.99,100 sq. in MP,100.0,27 inches,27.0,Strung — 11.5 oz / 326 g Unstrung — 10.9 oz / 310 g,326.0,50-60 Pounds,50.0,60.0,55.0,6 Pts Head Light,-6.0,24/26/23mm,23.0,V-Cell/Graphite,68,68.0,Volkl,Low,1.0,"16 Mains / 19 CrossesMains Skip: 8T,8HTwo PieceNo Shared Holes","Fast, Long Swing",3.0,317,317.0
Yonex,Yonex 108 (255g),$189,189.0,108 sq. in OS,108.0,27.25 inches,27.25,Strung — 9.6 oz / 272 g Unstrung — 9.0 oz / 255 g,272.0,40-55 Pounds,40.0,55.0,47.5,1 Pts Head Light,-1.0,26/29/24mm,24.0,HM Graphite / M40X with VDM HM Graphite / M40X / VDM,67,67.0,Yonex Synthetic,High,3.0,"16 Mains / 18 CrossesMains Skip: 8T,8HTwo PieceNo Shared Holes","Slow, Compact Swing",1.0,305,305.0
Tecnifibre,T-Fight 315,$229.95,229.95,98 sq. in MP,98.0,27 inches,27.0,Strung — 11.7 oz / 332 g Unstrung — 11.1 oz / 315 g,332.0,49-59 Pounds,49.0,59.0,54.0,7 Pts Head Light,-7.0,21.7mm,21.7,Dynacore/Graphite/XTC,66,66.0,Tecnifibre X-Tra Feel,Low,1.0,"18 Mains / 20 CrossesMains Skip: 8T, 10T, 8H, 10HTwo PieceNo Shared Holes","Fast, Long Swing",3.0,325,325.0
Tecnifibre,Tecnifibre 285,$179.95,179.95,100 sq. in MP,100.0,26.6 inches,26.6,Strung — 10.5 oz / 298 g Unstrung — 10.05 oz / 285 g,298.0,50-55 Pounds,50.0,55.0,52.5,4 Pts Head Light,-4.0,24/25/24mm,24.0,Graphite,68,68.0,Wax Grip,Medium,2.0,"16 Mains / 19 CrossesMains Skip: 7T, 9T, 7H, 9HTwo PieceNo Shared Holes","Medium, Moderate Swing",2.0,298,298.0
Head,Speed Pro,$239.95,239.95,100 sq. in MP,100.0,27 inches,27.0,Strung — 11.6 oz / 329 g Unstrung — 10.9 oz / 309 g,329.0,48-57 Pounds,48.0,57.0,52.5,6 Pts Head Light,-6.0,23mm,23.0,Graphene 360+ / Graphite,62,62.0,Head Hydrosorb Pro,Low,1.0,"18 Mains / 20 CrossesMains Skip: 8T, 10T, 8H, 10HTwo PieceNo Shared Holes","Fast, Long Swing",3.0,330,330.0
Babolat,Babolat 102 (280g),$99,99.0,102 sq. in MP,102.0,27 inches,27.0,Strung — 10.5 oz / 298 g Unstrung — 9.9 oz / 281 g,298.0,50-55 Pounds,50.0,55.0,52.5,3 Pts Head Light,-3.0,23/26/23mm,23.0,Graphite,68,68.0,Babolat Synthetic,Medium,2.0,"16 Mains / 19 CrossesMains Skip: 8T,8HOne PieceNo Shared Holes","Medium, Moderate Swing",2.0,312,312.0
Head,Head 105 (275g),$189.95,189.95,105 sq. in OS,105.0,27 inches,27.0,Strung — 10.2 oz / 292 g Unstrung — 9.7 oz / 275 g,292.0,52-62 Pounds,52.0,62.0,57.0,1 Pts Head Heavy,1.0,23/26/22mm,22.0,Graphene 360+ / Graphite,66,66.0,Hydrosorb Pro,Medium,2.0,"16 Mains / 19 CrossesMains Skip: 8T,8HTwo PieceNo Shared Holes","Medium, Moderate Swing",2.0,310,310.0
Dunlop,Dunlop 100 (270g),$179.99,179.99,100 sq. in MP,100.0,27 inches,27.0,Strung — 10.1 oz / 286 g Unstrung — 9.5 oz / 270 g,286.0,45-65 Pounds,45.0,65.0,55.0,1 Pts Head Light,-1.0,23/26/23mm,23.0,Sonic Core with Infinergy / Graphite,71,71.0,Dunlop Viper Dry,Medium,2.0,"16 Mains / 19 CrossesMains Skip: 7T, 9T, 7H, 9HTwo PieceNo Shared Holes","Slow, Compact Swing",1.0,295,295.0
Head,Prestige Mid,$229.95,229.95,93 sq. in MP,93.0,27 inches,27.0,Strung — 11.8 oz / 335 g Unstrung — 11.3 oz / 320 g,335.0,48-57 Pounds,48.0,57.0,52.5,7 Pts Head Light,-7.0,20mm,20.0,Graphene 360+ / Graphite,65,65.0,Head Hydrosorb Pro,Low,1.0,"16 Mains / 19 CrossesMains Skip: 8T, 8HTwo PieceNo Shared Holes","Fast, Long Swing",3.0,328,328.0
Yonex,Yonex 98 (285g),$219,219.0,98 sq. in MP,98.0,27 inches,27.0,Strung — 10.6 oz / 300 g Unstrung — 10.1 oz / 285 g,300.0,45-60 Pounds,45.0,60.0,52.5,1 Pts Head Light,-1.0,23/24/19mm,19.0,HM Graphite / M40X with VDM HM Graphite / M40X / VDM,64,64.0,Yonex Synthetic,Medium,2.0,"16 Mains / 19 CrossesMains Skip: 8T,8HTwo PieceNo Shared Holes","Fast, Long Swing",3.0,312,312.0
Head,Head 95 (315g),$229.95,229.95,95 sq. in MP,95.0,27 inches,27.0,Strung — 11.7 oz / 331 g Unstrung — 11.1 oz / 315 g,331.0,48-57 Pounds,48.0,57.0,52.5,6 Pts Head Light,-6.0,22mm,22.0,Graphene 360+ / Graphite,65,65.0,Head Hydrosorb Pro,Low,1.0,"16 Mains / 19 CrossesMains Skip: 8T, 8HTwo PieceNo Shared Holes","Fast, Long Swing",3.0,327,327.0
Head,Head 100 (275g),$219.95,219.95,100 sq. in MP,100.0,27 inches,27.0,Strung — 10.3 oz / 292 g Unstrung — 9.7 oz / 275 g,292.0,48-57 Pounds,48.0,57.0,52.5,1 Pts Head Light,-1.0,23mm,23.0,Graphene 360+ / Graphite,64,64.0,Head Hydrosorb Pro,Low,1.0,"16 Mains / 19 CrossesMains Skip: 7T, 9T, 7H, 9HTwo PieceNo Shared Holes","Medium, Moderate Swing",2.0,317,317.0
Volkl,Volkl 105 (275g),$219.99,219.99,105 sq. in OS,105.0,27.6 inches,27.6,Strung — 10.3 oz / 292 g Unstrung — 9.7 oz / 275 g,292.0,46-60 Pounds,46.0,60.0,53.0,5 Pts Head Light,-5.0,25mm,25.0,V-Cell/Graphite,68,68.0,Volkl,High,3.0,"16 Mains / 19 CrossesMains Skip: 8T,8HTwo PieceNo Shared Holes","Slow, Compact Swing",1.0,305,305.0
Dunlop,CX 200,$199.99,199.99,98 sq. in MP,98.0,27 inches,27.0,Strung — 11.4 oz / 320 g Unstrung — 10.8 oz / 305 g,320.0,45-65 Pounds,45.0,65.0,55.0,6 Pts Head Light,-6.0,21/23/22mm,22.0,Sonic Core with Infinergy / Graphite,70,70.0,Dunlop Viper Dry,Medium,2.0,"16 Mains / 19 CrossesMains Skip: 7T, 9T, 7H, 9HTwo PieceNo Shared Holes","Fast, Long Swing",3.0,320,320.0
Wilson,Wilson 100 (255g),$179,179.0,100 sq. in MP,100.0,27 inches,27.0,Strung — 9.7 oz / 275 g Unstrung — 9.1 oz / 257 g,275.0,47-57 Pounds,47.0,57.0,52.0,3 Pts Head Light,-3.0,24/26/23mm,23.0,High Performance Carbon Fiber,68,68.0,Wilson Pro Performance,Medium,2.0,"16 Mains / 19 CrossesMains Skip: 8T, 8HTwo PieceNo Shared Holes","Medium, Moderate Swing",2.0,290,290.0
Volkl,Volkl 100 (300g),$209.99,209.99,100 sq. in MP,100.0,27 inches,27.0,Strung — 11.1 oz / 312 g Unstrung — 10.6 oz / 300 g,312.0,50-60 Pounds,50.0,60.0,55.0,5 Pts Head Light,-5.0,22/24/22mm,22.0,V-Cell/Graphite,67,67.0,Volkl,Low,1.0,"16 Mains / 18 CrossesMains Skip: 8T,8HTwo PieceNo Shared Holes","Fast, Long Swing",3.0,312,312.0
Babolat,Babolat 112 (265g),$129,129.0,112 sq. in OS,112.0,27.5 inches,27.5,Strung — 9.8 oz / 278 g Unstrung — 9.3 oz / 264 g,278.0,50-59 Pounds,50.0,59.0,54.5,5 Pts Head Heavy,5.0,26/28/29mm,29.0,Graphite,72,72.0,Babolat Syntec Pro,High,3.0,"16 Mains / 19 CrossesMains Skip: 8T,8HTwo PieceNo Shared Holes","Slow, Compact Swing",1.0,324,324.0
Yonex,Yonex 98 (270g),$179,179.0,98 sq. in MP,98.0,27 inches,27.0,Strung — 10.1 oz / 286 g Unstrung — 9.5 oz / 270 g,286.0,45-60 Pounds,45.0,60.0,52.5,3 Pts Head Light,-3.0,23/25/20mm,20.0,HM Graphite / M40X with VDM HM Graphite / M40X / VDM,68,68.0,Yonex Synthetic,Medium,2.0,"16 Mains / 19 CrossesMains Skip: 8T,8HTwo PieceNo Shared Holes","Medium, Moderate Swing",2.0,300,300.0
Head,Gravity MP,$99.95,99.95,100 sq. in MP,100.0,27 inches,27.0,Strung — 11.1 oz / 315 g Unstrung — 10.6 oz / 300 g,315.0,48-57 Pounds,48.0,57.0,52.5,4 Pts Head Light,-4.0,22mm,22.0,Graphene XT / Graphite,67,67.0,Hydrosorb Pro,Low,1.0,"16 Mains / 19 CrossesMains Skip: NoneTwo Piece7T & H, 8T & H","Fast, Long Swing",3.0,320,320.0
Yonex,VCORE Pro 97,$239,239.0,97 sq. in MP,97.0,27 inches,27.0,Strung — 11.5 oz / 326 g Unstrung — 10.9 oz / 310 g,326.0,45-60 Pounds,45.0,60.0,52.5,7 Pts Head Light,-7.0,20mm,20.0,H.M. Graphite/Black Micro Core/Namd,64,64.0,Yonex Super Cushion Grip,Low,1.0,"16 Mains / 19 CrossesMains Skip: 8T, 8HTwo PieceNo Shared Holes","Fast, Long Swing",3.0,317,317.0
Wilson,Wilson 102 (305g),$249,249.0,102 sq. in MP,102.0,28 inches,28.0,Strung — 11.4 oz / 323 g Unstrung — 10.8 oz / 305 g,323.0,48-57 Pounds,48.0,57.0,52.5,7 Pts Head Light,-7.0,22mm,22.0,Braided Graphite / Countervail,68,68.0,Wilson Pro Performance,Low,1.0,"18 Mains / 19 CrossesMains Skip: 9T, 9HTwo PieceNo Shared Holes","Fast, Long Swing",3.0,347,347.0
Babolat,Babolat 102 (260g),$99,99.0,102 sq. in MP,102.0,27 inches,27.0,Strung — 9.8 oz / 275 g Unstrung — 9.2 oz / 260 g,275.0,50-55 Pounds,50.0,55.0,52.5,2 Pts Head Heavy,2.0,23/26/23mm,23.0,Graphite,67,67.0,Babolat Synthetic,Medium,2.0,"16 Mains / 19 CrossesMains Skip: 8T,8HOne PieceNo Shared Holes","Medium, Moderate Swing",2.0,306,306.0
Yonex,Yonex 102 (250g),$159,159.0,102 sq. in MP,102.0,27 inches,27.0,Strung — 9.4 oz / 266 g Unstrung — 8.8 oz / 250 g,266.0,45-60 Pounds,45.0,60.0,52.5,2 Pts Head Heavy,2.0,24/27/23mm,23.0,HM Graphite / M40X with VDM HM Graphite / M40X / VDM,68,68.0,Yonex Synthetic,Medium,2.0,"16 Mains / 18 CrossesMains Skip: 8T,8HTwo PieceNo Shared Holes","Medium, Moderate Swing",2.0,299,299.0
Dunlop,Dunlop 107 (265g),$179.99,179.99,107 sq. in OS,107.0,27.5 inches,27.5,Strung — 9.9 oz / 281 g Unstrung — 9.3 oz / 265 g,281.0,45-65 Pounds,45.0,65.0,55.0,Even Balance,0.0,23/27/23mm,23.0,Sonic Core with Infinergy / Graphite,70,70.0,Dunlop Viper Dry,High,3.0,"16 Mains / 19 CrossesMains Skip: 8T, 8HTwo PieceNo Shared Holes","Slow, Compact Swing",1.0,320,320.0
Babolat,Pure Drive,$229,229.0,100 sq. in MP,100.0,27 inches,27.0,Strung — 11.2 oz / 318 g Unstrung — 10.6 oz / 300 g,318.0,50-59 Pounds,50.0,59.0,54.5,4 Points Head ight,4.0,23/26/23mm,23.0,HTR / Graphite,70,70.0,Syntec Pro,Medium,2.0,"16 Mains / 19 CrossesMains Skip: 7T, 9T, 7H, 9HTwo PieceNo Shared Holes","Fast, Long Swing",3.0,320,320.0
Yonex,Yonex 98 (315g),$229,229.0,98 sq. in MP,98.0,27 inches,27.0,Strung — 11.7 oz / 332 g Unstrung — 11.1 oz / 315 g,332.0,40-55 Pounds,40.0,55.0,47.5,4 Pts Head Light,-4.0,23/24/19mm,19.0,HM Graphite / M40X with VDM HM Graphite / M40X / VDM,63,63.0,Yonex Synthetic,Low,1.0,"16 Mains / 19 CrossesMains Skip: 8T,8HTwo PieceNo Shared Holes","Fast, Long Swing",3.0,328,328.0
Dunlop,Dunlop 100 (285g),$179.99,179.99,100 sq. in MP,100.0,27 inches,27.0,Strung — 10.7 oz / 303 g Unstrung — 10.0 oz / 285 g,303.0,45-65 Pounds,45.0,65.0,55.0,3 Pts Head Light,-3.0,23/26/23mm,23.0,Sonic Core with Infinergy & Graphite,68,68.0,Dunlop Viper Dry,Medium,2.0,"16 Mains / 19 CrossesMains Skip: 8T,8HTwo PieceNo Shared Holes","Medium, Moderate Swing",2.0,318,318.0
Dunlop,Dunlop 100 (270g),$179.99,179.99,100 sq. in MP,100.0,27 inches,27.0,Strung — 10.1 oz / 286 g Unstrung — 9.5 oz / 270 g,286.0,45-65 Pounds,45.0,65.0,55.0,2 Pts Head Light,-2.0,23/26/23mm,23.0,Sonic Core with Infinergy & Graphite,67,67.0,Dunlop Viper Dry,Medium,2.0,"16 Mains / 19 CrossesMains Skip: 8T,8HTwo PieceNo Shared Holes","Medium, Moderate Swing",2.0,302,302.0
Yonex,VCORE Pro 97H,$239,239.0,97 sq. in MP,97.0,27 inches,27.0,Strung — 12.2 oz / 346 g Unstrung — 11.6 oz / 330 g,346.0,45-60 Pounds,45.0,60.0,52.5,7 Pts Head Light,-7.0,20mm,20.0,H.M. Graphite/Black Micro Core/Namd,65,65.0,Yonex Super Cushion Grip,Low,1.0,"16 Mains / 19 CrossesMains Skip: 8T, 8HTwo PieceNo Shared Holes","Fast, Long Swing",3.0,330,330.0
Head,Extreme MP,$199.95,199.95,100 sq. in MP,100.0,27 inches,27.0,Strung — 11.2 oz / 318 g Unstrung — 10.6 oz / 300 g,318.0,52-62 Pounds,52.0,62.0,57.0,3 Pts Head Light,-3.0,23/26/21mm,21.0,Graphene 360+ / Graphite,66,66.0,Hydrosorb Pro,Medium,2.0,"16 Mains / 19 CrossesMains Skip: 8T,8HTwo PieceNo Shared Holes","Fast, Long Swing",3.0,325,325.0
Wilson,Ultra 100,$199,199.0,100 sq. in MP,100.0,27 inches,27.0,Strung — 11.1 oz / 315 g Unstrung — 10.6 oz / 300 g,315.0,47-57 Pounds,47.0,57.0,52.0,4 Pts Head Light,-4.0,24/26/23mm,23.0,High Performance Carbon Fiber,72,72.0,Wilson Pro Performance,Medium,2.0,"16 Mains / 19 CrossesMains Skip: 8T, 8H Mains Skip: 8T, 8H Mains Skip: 8T, 8HTwo PieceNo Shared Holes","Medium, Moderate Swing",2.0,310,310.0
Wilson,Wilson 108 (270g),$189,189.0,108 sq. in OS,108.0,27.25 inches,27.25,Strung — 10.1 oz / 286 g Unstrung — 9.5 oz / 270 g,286.0,47-57 Pounds,47.0,57.0,52.0,1 Pts Head Light,-1.0,26/27.5/25mm,25.0,High Performance Carbon Fiber,69,69.0,Wilson Pro Performance,High,3.0,"16 Mains / 18 CrossesMains Skip: 7T, 9T, 7H, 9HTwo PieceNo Shared Holes","Slow, Compact Swing",1.0,308,308.0
Head,Head 105 (265g),$189.95,189.95,105 sq. in OS,105.0,27 inches,27.0,Strung — 9.8 oz / 275 g Unstrung — 9.3 oz / 265 g,275.0,52-62 Pounds,52.0,62.0,57.0,3 Pts Head Heavy,3.0,23/26/22mm,22.0,Graphene 360+ / Graphite,66,66.0,Hydrosorb Pro,Medium,2.0,"16 Mains / 19 CrossesMains Skip: 8T,8HTwo PieceNo Shared Holes","Medium, Moderate Swing",2.0,310,310.0
Yonex,Yonex 105 (275g),$209,209.0,105 sq. in OS,105.0,27 inches,27.0,Strung — 10.3 oz / 292 g Unstrung — 9.7 oz / 275 g,292.0,45-60 Pounds,45.0,60.0,52.5,1 Pts Head Light,-1.0,26/29/24mm,24.0,HM Graphite / M40X with VDM HM Graphite / M40X / VDM,67,67.0,Yonex Synthetic,High,3.0,"16 Mains / 19 CrossesMains Skip: 8T,8HTwo PieceNo Shared Holes","Slow, Compact Swing",1.0,305,305.0
Head,Extreme Tour,$219.95,219.95,98 sq. in MP,98.0,27 inches,27.0,Strung — 11.4 oz / 320 g Unstrung — 10.8 oz / 305 g,320.0,48-57 Pounds,48.0,57.0,52.5,6 Pts Head Light,-6.0,21/23/21mm,21.0,Graphene 360+ / Graphite,66,66.0,Hydrosorb Pro,Low,1.0,"16 Mains / 19 CrossesMains Skip: 8T,8HTwo PieceNo Shared Holes","Fast, Long Swing",3.0,320,320.0
Babolat,Pure Strike 16x19,$259,259.0,98 sq. in MP,98.0,27 inches,27.0,Strung — 11.3 oz / 323 g Unstrung — 10.8 oz / 305 g,323.0,50-59 Pounds,50.0,59.0,54.5,6 Pts Head Light,-6.0,21/23/22mm,22.0,Graphite,67,67.0,Syntec Pro,Low,1.0,"16 Mains / 20 CrossesMains Skip: 7T, 9T, 7H, 9HTwo PieceNo Shared Holes","Fast, Long Swing",3.0,321,321.0
Volkl,Volkl 100 (285g),$209.99,209.99,100 sq. in MP,100.0,27 inches,27.0,Strung — 10.5 oz / 299 g Unstrung — 10.1 oz / 285 g,299.0,50-60 Pounds,50.0,60.0,55.0,4 Pts Head Light,-4.0,22/24/22mm,22.0,V-Cell/Graphite,70,70.0,Volkl,Medium,2.0,"16 Mains / 18 CrossesMains Skip: 8T,8HTwo PieceNo Shared Holes","Medium, Moderate Swing",2.0,303,303.0
Yonex,VCORE 100,$239,239.0,100 sq. in MP,100.0,27 inches,27.0,Strung — 11.2 oz / 318 g Unstrung — 10.6 oz / 300 g,318.0,45-60 Pounds,45.0,60.0,52.5,4 Pts Head Light,-4.0,21mm,21.0,H.M. Graphite/Black Micro Core/Namd,66,66.0,Yonex Super Cushion Grip,Medium,2.0,"16 Mains / 19 CrossesMains Skip: 8T, 8HTwo PieceNo Shared Holes","Medium, Moderate Swing",2.0,318,318.0
Tecnifibre,Tecnifibre 270,$179.95,179.95,100 sq. in MP,100.0,26.6 inches,26.6,Strung — 10.1 oz / 285 g Unstrung — 9.5 oz / 270 g,285.0,50-55 Pounds,50.0,55.0,52.5,Even Balance,0.0,24/25/24mm,24.0,Graphite,71,71.0,Wax Grip,Medium,2.0,"14 Mains / 18 CrossesMains Skip: 7T, 9T, 7H, 9HTwo PieceNo Shared Holes","Medium, Moderate Swing",2.0,285,285.0
Yonex,EZONE 100,$229,229.0,100 sq. in MP,100.0,27 inches,27.0,Strung — 11.2 oz / 318 g Unstrung — 10.6 oz / 300 g,318.0,45-60 Pounds,45.0,60.0,52.5,4 Pts Head Light,-4.0,23.5/26/22mm,22.0,HM Graphite / M40X with VDM HM Graphite / M40X / VDM,68,68.0,Yonex Synthetic,Medium,2.0,"16 Mains / 19 CrossesMains Skip: 8T,8HTwo PieceNo Shared Holes","Medium, Moderate Swing",2.0,320,320.0
Dunlop,Dunlop 100 (285g),$179.99,179.99,100 sq. in MP,100.0,27 inches,27.0,Strung — 10.7 oz / 303 g Unstrung — 10.0 oz / 285 g,303.0,45-65 Pounds,45.0,65.0,55.0,3 Pts Head Light,-3.0,23/26/23mm,23.0,Sonic Core with Infinergy / Graphite,71,71.0,Dunlop Viper Dry,Medium,2.0,"16 Mains / 19 CrossesMains Skip: 7T, 9T, 7H, 9HTwo PieceNo Shared Holes","Medium, Moderate Swing",2.0,303,303.0
Wilson,Wilson 115 (240g),$199,199.0,115 sq. in OS,115.0,27.9 inches,27.9,Strung — 9.1 oz / 255 g Unstrung — 8.4 oz / 239 g,255.0,55-65 Pounds,55.0,65.0,60.0,10 Pts Head Heavy,10.0,27/29/28mm,28.0,Graphite,71,71.0,Wilson Synthetic,High,3.0,"16 Mains / 19 CrossesMains Skip: 7T, 9T, 7H, 9HTwo PieceNo Shared Holes","Slow, Compact Swing",1.0,335,335.0
Yonex,EZONE 98,$229,229.0,98 sq. in MP,98.0,27.5 inches,27.5,Strung — 11.4 oz / 323 g Unstrung — 10.8 oz / 305 g,323.0,40-55 Pounds,40.0,55.0,47.5,5 Pts Head Light,-5.0,23/24/19mm,19.0,HM Graphite / M40X with VDM HM Graphite / M40X / VDM,64,64.0,Yonex Synthetic,Medium,2.0,"16 Mains / 19 CrossesMains Skip: 8T,8HTwo PieceNo Shared Holes","Medium, Moderate Swing",2.0,333,333.0
Head,Head 100 (265g),$199.95,199.95,100 sq. in MP,100.0,27 inches,27.0,Strung — 9.9 oz / 281 g Unstrung — 9.3 oz / 265 g,281.0,48-57 Pounds,48.0,57.0,52.5,2 Pts Head Heavy,2.0,25mm,25.0,Graphene 360+ / Graphite,68,68.0,Head Hydrosorb Pro,Medium,2.0,"16 Mains / 19 CrossesMains Skip: 8T,8HTwo PieceNo Shared Holes","Medium, Moderate Swing",2.0,306,306.0
Head,Head 115 (255g),$199.95,199.95,115 sq. in OS,115.0,27.4 inches,27.4,Strung — 9.6 oz / 272 g Unstrung — 9.0 oz / 255 g,272.0,52-62 Pounds,52.0,62.0,57.0,2 Pts Head Heavy,2.0,26/26/28mm,28.0,Grahene 360+ / Graphite,69,69.0,Head Hydrosorb Pro,High,3.0,"16 Mains / 19 CrossesMains Skip: 7T, 9T, 10T, 7H, 9HTwo PieceNo Shared Holes","Slow, Compact Swing",1.0,320,320.0
Yonex,Yonex 100 (270g),$209,209.0,100 sq. in MP,100.0,27 inches,27.0,Strung — 10.0 oz / 283 g Unstrung — 9.5 oz / 270 g,283.0,40-55 Pounds,40.0,55.0,47.5,3 Pts Head Light,-3.0,23.5/26/22mm,22.0,HM Graphite / M40X with VDM HM Graphite / M40X / VDM,67,67.0,Yonex Synthetic,Medium,2.0,"16 Mains / 18 CrossesMains Skip: 8T,8HTwo PieceNo Shared Holes","Medium, Moderate Swing",2.0,305,305.0
Yonex,Yonex 100 (285g),$219,219.0,100 sq. in MP,100.0,27 inches,27.0,Strung — 10.6 oz / 301 g Unstrung — 10.1 oz / 285 g,301.0,45-60 Pounds,45.0,60.0,52.5,3 Pts Head Light,-3.0,23.5/26/22mm,22.0,HM Graphite / M40X with VDM HM Graphite / M40X / VDM,68,68.0,Yonex Synthetic,Medium,2.0,"16 Mains / 19 CrossesMains Skip: 8T,8HTwo PieceNo Shared Holes","Medium, Moderate Swing",2.0,311,311.0
Head,Head 102 (280g),$89.95,89.95,102 sq. in MP,102.0,27 inches,27.0,Strung — 10.4 oz / 295 g Unstrung — 9.9 oz / 280 g,295.0,48-57 Pounds,48.0,57.0,52.5,4 Pts Head Light,-4.0,22/25/23mm,23.0,Graphene XT / Graphite,60,60.0,Hydrosorb Pro,Medium,2.0,"16 Mains / 19 CrossesMains Skip: 8T, 8HTwo PieceNo Shared Holes","Medium, Moderate Swing",2.0,300,300.0
Yonex,Yonex 97 (320g),$239,239.0,97 sq. in MP,97.0,27 inches,27.0,Strung — 11.9 oz / 337 g Unstrung — 11.3 oz / 320 g,337.0,45-60 Pounds,45.0,60.0,52.5,7 Pts Head Light,-7.0,20mm,20.0,H.M. Graphite/Black Micro Core/Namd,60,60.0,Yonex Super Cushion Grip,Low,1.0,"18 Mains / 20 CrossesMains Skip: 8T, 10T, 8H, 10HTwo PieceNo Shared Holes","Fast, Long Swing",3.0,325,325.0
Dunlop,Dunlop 105 (270g),$179.99,179.99,105 sq. in OS,105.0,27.25 inches,27.25,Strung — 10.1 oz / 286 g Unstrung — 9.5 oz / 270 g,286.0,40-60 Pounds,40.0,60.0,50.0,1 Pts Head Light,-1.0,23/26.5/23mm,23.0,Sonic Core with Infinergy & Graphite,66,66.0,Dunlop Viper Dry,High,3.0,"16 Mains / 19 CrossesMains Skip: 8T,8HTwo PieceNo Shared Holes","Slow, Compact Swing",1.0,313,313.0
Babolat,Babolat 102 (280g),$159,159.0,102 sq. in MP,102.0,27 inches,27.0,Strung — 10.4 oz / 294 g Unstrung — 9.9 oz / 280 g,294.0,50-55 Pounds,50.0,55.0,52.5,4 Pts Head Light,-4.0,23/26/23mm,23.0,Graphite,65,65.0,Babolat Synthetic,Medium,2.0,"16 Mains / 19 CrossesMains Skip: 8T, 7H, 9HTwo PieceNo Shared Holes","Medium, Moderate Swing",2.0,308,308.0
Head,Speed MP,$229.95,229.95,100 sq. in MP,100.0,27 inches,27.0,Strung — 11.2 oz / 318 g Unstrung — 10.6 oz / 300 g,318.0,48-57 Pounds,48.0,57.0,52.5,4 Pts Head Light,-4.0,23mm,23.0,Graphene 360+ / Graphite,64,64.0,Head Hydrosorb Pro,Low,1.0,"16 Mains / 19 CrossesMains Skip: 7T, 9T, 7H, 9HTwo PieceNo Shared Holes","Fast, Long Swing",3.0,329,329.0
Yonex,Yonex 100 (270g),$209,209.0,100 sq. in MP,100.0,27 inches,27.0,Strung — 10.0 oz / 283 g Unstrung — 9.5 oz / 270 g,283.0,40-55 Pounds,40.0,55.0,47.5,3 Pts Head Light,-3.0,23.5/26/22mm,22.0,HM Graphite / M40X with VDM HM Graphite / M40X / VDM,67,67.0,Yonex Synthetic,Medium,2.0,"16 Mains / 18 CrossesMains Skip: 8T,8HTwo PieceNo Shared Holes","Medium, Moderate Swing",2.0,305,305.0
Tecnifibre,Tecnifibre 260,$179.95,179.95,105 sq. in OS,105.0,26.6 inches,26.6,Strung — 9.8 oz / 277 g Unstrung — 9.2 oz / 260 g,277.0,50-55 Pounds,50.0,55.0,52.5,1 Pt Head Light,-1.0,24/25/24mm,24.0,Graphite,68,68.0,Wax Grip,Medium,2.0,"16 Mains / 19 CrossesMains Skip: 7T, 9T, 7H, 9HTwo PieceNo Shared Holes","Medium, Moderate Swing",2.0,284,284.0
Head,Head 98 (320g),$229.95,229.95,98 sq. in MP,98.0,27 inches,27.0,Strung — 11.9 oz / 335 g Unstrung — 11.3 oz / 320 g,335.0,48-57 Pounds,48.0,57.0,52.5,7 Pts Head Light,-7.0,20mm,20.0,Graphene 360+ / Graphite,60,60.0,Head Hydrosorb Pro,Low,1.0,"18 Mains / 20 CrossesMains Skip: 8T, 10T, 8H, 10HTwo PieceNo Shared Holes","Fast, Long Swing",3.0,325,325.0
Yonex,EZONE 98,$229,229.0,98 sq. in MP,98.0,27 inches,27.0,Strung — 11.3 oz / 320 g Unstrung — 10.8 oz / 305 g,320.0,45-60 Pounds,45.0,60.0,52.5,6 Pts Head Light,-6.0,23/24/19mm,19.0,HM Graphite / M40X with VDM HM Graphite / M40X / VDM,64,64.0,Yonex Synthetic,Medium,2.0,"16 Mains / 19 CrossesMains Skip: 8T,8HTwo PieceNo Shared Holes","Fast, Long Swing",3.0,317,317.0
Head,Head 100 (285g),$209.95,209.95,100 sq. in MP,100.0,27 inches,27.0,Strung — 10.7 oz / 303 g Unstrung — 10.1 oz / 285 g,303.0,48-57 Pounds,48.0,57.0,52.5,4 Pts Head Light,-4.0,25mm,25.0,Graphene 360+ / Graphite,69,69.0,Head Hydrosorb Pro,Medium,2.0,"16 Mains / 19 CrossesMains Skip: 8T,8HTwo PieceNo Shared Holes","Medium, Moderate Swing",2.0,308,308.0
Head,Head 99 (305g),$229.95,229.95,99 sq. in MP,99.0,27 inches,27.0,Strung — 11.5 oz / 323 g Unstrung — 10.8 oz / 305 g,323.0,48-57 Pounds,48.0,57.0,52.5,4 Pts Head Light,-4.0,21.5mm,21.5,Graphene 360+ / Graphite,65,65.0,Head Hydrosorb Pro,Low,1.0,"18 Mains / 19 CrossesMains Skip: 8T, 10T, 8H, 10HTwo PieceNo Shared Holes","Fast, Long Swing",3.0,326,326.0
Head,Head 115 (230g),$179.95,179.95,115 sq. in OS,115.0,27.7 inches,27.7,Strung — 8.7 oz / 247 g Unstrung — 8.1 oz / 230 g,247.0,52-62 Pounds,52.0,62.0,57.0,9 Pts Head Heavy,9.0,29mm,29.0,Graphene 360+ / Graphite,66,66.0,Hydrosorb Pro,High,3.0,"16 Mains / 19 CrossesMains Skip: 8T,8HTwo PieceNo Shared Holes","Slow, Compact Swing",1.0,306,306.0
Wilson,Ultra 100UL,$189,189.0,100 sq. in MP,100.0,27 inches,27.0,Strung — 10.4 oz / 295 g Unstrung — 9.9 oz / 280 g,295.0,47-57 Pounds,47.0,57.0,52.0,4 Pts Head Light,-4.0,24/26/23mm,23.0,High Performance Carbon Fiber,69,69.0,Wilson Pro Performance,Medium,2.0,"16 Mains / 19 CrossesMains Skip: 8T, 8HTwo PieceNo Shared Holes","Medium, Moderate Swing",2.0,294,294.0
Dunlop,SX 300,$199.99,199.99,100 sq. in MP,100.0,27 inches,27.0,Strung — 11.2 oz / 318 g Unstrung — 10.6 oz / 300 g,318.0,45-65 Pounds,45.0,65.0,55.0,4 Pts Head Light,-4.0,23/26/23mm,23.0,Sonic Core with Infinergy / Graphite,71,71.0,Dunlop Viper Dry,Medium,2.0,"16 Mains / 19 CrossesMains Skip: 7T, 9T, 7H, 9HTwo PieceNo Shared Holes","Medium, Moderate Swing",2.0,317,317.0
Dunlop,Dunlop 100 (310g),$199.99,199.99,100 sq. in MP,100.0,27 inches,27.0,Strung — 11.6 oz / 329 g Unstrung — 10.9 oz / 310 g,329.0,45-65 Pounds,45.0,65.0,55.0,6 Pts Head Light,-6.0,23/26/23mm,23.0,Sonic Core with Infinergy & Graphite,65,65.0,Dunlop Viper Dry,Medium,2.0,"16 Mains / 19 CrossesMains Skip: 8T,8HTwo PieceNo Shared Holes","Fast, Long Swing",3.0,336,336.0
Yonex,Yonex 100 (280g),$239,239.0,100 sq. in MP,100.0,27 inches,27.0,Strung — 10.5 oz / 298 g Unstrung — 9.9 oz / 280 g,298.0,45-60 Pounds,45.0,60.0,52.5,Even Balance,0.0,21mm,21.0,H.M. Graphite/Black Micro Core/Namd,66,66.0,Yonex Super Cushion Grip,Medium,2.0,"16 Mains / 19 CrossesMains Skip: 8T, 8HTwo PieceNo Shared Holes","Medium, Moderate Swing",2.0,312,312.0
Volkl,Volkl 100 (305g),$199.99,199.99,100 sq. in MP,100.0,27 inches,27.0,Strung — 11.4 oz / 323 g Unstrung — 10.8 oz / 305 g,323.0,50-60 Pounds,50.0,60.0,55.0,6 Pts Head Light,-6.0,22/24/22mm,22.0,V Cell & Graphite,68,68.0,Volkl Synthetic,Low,1.0,"18 Mains / 20 CrossesMains Skip: 8T, 10T, 8H, 10HTwo PieceNo Shared Holes","Fast, Long Swing",3.0,324,324.0
Volkl,Volkl 100 (315g),$209.99,209.99,100 sq. in MP,100.0,27 inches,27.0,Strung — 11.6 oz / 332 g Unstrung — 11.1 oz / 315 g,332.0,50-60 Pounds,50.0,60.0,55.0,7 Pts Head Light,-7.0,22/24/22mm,22.0,V-Cell/Graphite,66,66.0,Volkl,Low,1.0,"16 Mains / 18 CrossesMains Skip: 8T,8HTwo PieceNo Shared Holes","Fast, Long Swing",3.0,316,316.0
Pro,Pro 100 (310g),$179,179.0,100 sq. in MP,100.0,27.5 inches,27.5,Strung — 11.5 oz / 326 g Unstrung — 10.9 oz / 310 g,326.0,50-65 Pounds,50.0,65.0,57.5,8 Pts Head Light,-8.0,21.5mm,21.5,Graphite/Spiraltech Carbon,66,66.0,Pro Kennex Synthetic,Low,1.0,"16 Mains / 20 CrossesMains Skip: 8T, 8HTwo PieceNo Shared Holes","Fast, Long Swing",3.0,337,337.0
Babolat,Babolat 98 (320g),$219,219.0,98 sq. in MP,98.0,27 inches,27.0,Strung — 11.9 oz / 337 g Unstrung — 11.3 oz / 320 g,337.0,50-59 Pounds,50.0,59.0,54.5,6 Pts Head Light,-6.0,21/23/21mm,21.0,Graphite,66,66.0,Skin Feel,Low,1.0,"16 Mains / 19 CrossesMains Skip: 8T, 8HTwo PieceNo Shared Holes","Fast, Long Swing",3.0,334,334.0
Babolat,Pure Strike 100,$249,249.0,98 sq. in MP,98.0,27 inches,27.0,Strung — 11.2 oz / 318 g Unstrung — 10.6 oz / 300 g,318.0,50-59 Pounds,50.0,59.0,54.5,4 Pts Head Light,-4.0,21/23mm,23.0,Graphite,66,66.0,Babolat Syntec Pro,Low,1.0,"16 Mains / 19 CrossesMains Skip: 7T, 9T, 7H, 9HTwo PieceNo Shared Holes","Fast, Long Swing",3.0,317,317.0
Volkl,Volkl 110 (270g),$219.99,219.99,110 sq. in OS,110.0,27.8 inches,27.8,Strung — 10 oz / 283 g Unstrung — 9.5 oz / 270 g,283.0,46-60 Pounds,46.0,60.0,53.0,1 Pt Head Light,-1.0,28/27/26mm,26.0,V Cell & Graphite,69,69.0,Volkl Perforated,High,3.0,"16 Mains / 19 CrossesMains Skip: 8T, 8HTwo PieceNo Shared Holes","Slow, Compact Swing",1.0,317,317.0
Pro,Pro 98 (300g),$169,169.0,98 sq. in MP,98.0,27 inches,27.0,Strung — 11.1 oz / 315 g Unstrung — 10.6 oz / 300 g,315.0,50-65 Pounds,50.0,65.0,57.5,6 Pts Head Light,-6.0,19.5mm,19.5,Graphite/Spiraltech Carbon,63,63.0,Pro Kennex Synthetic,Low,1.0,"16 Mains / 19 CrossesMains Skip: 7T, 9T, 7H, 9HTwo PieceNo Shared Holes","Fast, Long Swing",3.0,323,323.0
Pro,Pro 105 (260g),$189,189.0,105 sq. in OS,105.0,27.5 inches,27.5,Strung — 9.7 oz / 275 g Unstrung — 9.1 oz / 260 g,275.0,50-65 Pounds,50.0,65.0,57.5,2 Pts Head Light,-2.0,26mm,26.0,Graphite/Spiraltech Carbon,72,72.0,Pro Kennex Synthetic,Medium,2.0,"16 Mains / 19 CrossesMains Skip: 7T, 9T, 7H, 9HTwo PieceNo Shared Holes","Medium, Moderate Swing",2.0,316,316.0
Yonex,VCORE 100,$229,229.0,100 sq. in MP,100.0,27 inches,27.0,Strung — 11.1 oz / 315 g Unstrung — 10.6 oz / 301 g,315.0,45-60 Pounds,45.0,60.0,52.5,4 Pts Head Light,-4.0,24/25/22mm,22.0,H.M. Graphite/Black Micro Core/Namd,65,65.0,Yonex Synthetic,Low,1.0,"16 Mains / 19 CrossesMains Skip: 8T, 8HTwo PieceNo Shared Holes","Medium, Moderate Swing",2.0,325,325.0
Yonex,VCORE 98,$229,229.0,98 sq. in MP,98.0,27 inches,27.0,Strung — 11.3 oz / 320 g Unstrung — 10.8 oz / 306 g,320.0,45-60 Pounds,45.0,60.0,52.5,6 Pts Head Light,-6.0,22/22/21mm,21.0,H.M. Graphite/Black Micro Core/Namd,63,63.0,Yonex Synthetic,Low,1.0,"16 Mains / 19 CrossesMains Skip: 8T, 8HTwo PieceNo Shared Holes","Medium, Moderate Swing",2.0,318,318.0
Babolat,Pure Drive,$229,229.0,100 sq. in MP,100.0,27.5 inches,27.5,Strung — 11.3 oz / 321 g Unstrung — 10.6 oz / 300 g,321.0,50-59 Pounds,50.0,59.0,54.5,6 Pts Head Light,-6.0,23/26/23mm,23.0,Graphite,65,65.0,Babolat Syntec Pro,Low,1.0,"16 Mains / 19 CrossesMains Skip: 7T, 9T, 7H, 9HTwo PieceNo Shared Holes","Fast, Long Swing",3.0,329,329.0
Tecnifibre,T-Fight 305,$229.95,229.95,98 sq. in MP,98.0,27 inches,27.0,Strung — 11.4 oz / 323 g Unstrung — 10.8 oz / 305 g,323.0,49-59 Pounds,49.0,59.0,54.0,4 Pts Head Light,-4.0,21.7mm,21.7,Dynacore/Graphite/XTC,65,65.0,Tecnifibre X-Tra Feel,Low,1.0,"18 Mains / 20 CrossesMains Skip: 8T, 10T, 8H, 10HTwo PieceNo Shared Holes","Fast, Long Swing",3.0,326,326.0
Babolat,Pure Aero,$219,219.0,100 sq. in MP,100.0,27 inches,27.0,Strung — 11.2 oz / 318 g Unstrung — 10.6 oz / 300 g,318.0,50-59 Pounds,50.0,59.0,54.5,4 Pts Head Light,-4.0,21/23/21mm,21.0,Graphite,68,68.0,Babolat Syntec Team,Low,1.0,"16 Mains / 19 CrossesMains Skip: 7T, 9T, 7H, 9HTwo PieceNo Shared Holes","Fast, Long Swing",3.0,320,320.0
Tecnifibre,Tecnifibre 285,$209.95,209.95,100 sq. in MP,100.0,27 inches,27.0,Strung — 10.6 oz / 300 g Unstrung — 10 oz / 285 g,300.0,49-59 Pounds,49.0,59.0,54.0,1 Pts Head Light,-1.0,25/26.6/24.7mm,24.7,Graphite,73,73.0,Tecnifibre Wax Grip Feel,Medium,2.0,"16 Mains / 19 CrossesMains Skip: 7T, 9T, 7H, 9HTwo PieceNo Shared Holes","Medium, Moderate Swing",2.0,314,314.0
Babolat,Pure Drive,$229,229.0,100 sq. in MP,100.0,27 inches,27.0,Strung — 11.1 oz / 315 g Unstrung — 10.6 oz / 301 g,315.0,50-59 Pounds,50.0,59.0,54.5,4 Pts Head Light,-4.0,23/26/23mm,23.0,Graphite,67,67.0,Babolat Syntec,Medium,2.0,"16 Mains / 19 CrossesMains Skip: 7T, 9T, 7H, 9HTwo PieceNo Shared Holes","Fast, Long Swing",3.0,324,324.0
Wilson,Wilson 100 (310g),$249,249.0,100 sq. in MP,100.0,27 inches,27.0,Strung — 11.5 oz / 325 g Unstrung — 10.9 oz / 310 g,325.0,48-58 Pounds,48.0,58.0,53.0,9 Pts Head Light,-9.0,24.5mm,24.5,High Performance Carbon Fiber,50,50.0,Wilson Pro Performance,Low,1.0,"16 Mains / 19 CrossesMains Skip: 7T, 9T, 7H, 9HTwo PieceNo Shared Holes","Fast, Long Swing",3.0,325,325.0
Volkl,Volkl 98 (330g),$179.99,179.99,98 sq. in MP,98.0,27 inches,27.0,Strung — 12.1 oz / 343 g Unstrung — 11.6 oz / 329 g,343.0,50-60 Pounds,50.0,60.0,55.0,10 Pts Head Light,-10.0,20mm,20.0,Carbon Graphite,60,60.0,Biotac,Low,1.0,"16 Mains / 19 CrossesMains Skip: 8T,8HTwo PieceNo Shared Holes","Fast, Long Swing",3.0,331,331.0
Yonex,VCORE 100,$229,229.0,100 sq. in MP,100.0,27.5 inches,27.5,Strung — 11.2 oz / 318 g Unstrung — 10.6 oz / 300 g,318.0,45-60 Pounds,45.0,60.0,52.5,3 Pts Head Light,-3.0,24/25/22mm,22.0,H.M. Graphite/Black Micro Core/Namd,68,68.0,Yonex Synthetic,Medium,2.0,"16 Mains / 19 CrossesMains Skip: 8T, 8HTwo PieceNo Shared Holes","Medium, Moderate Swing",2.0,341,341.0
Wilson,Blade 98 (18x20),$219,219.0,98 sq. in MP,98.0,27 inches,27.0,Strung — 11.4 oz / 323 g Unstrung — 10.8 oz / 305 g,323.0,50-60 Pounds,50.0,60.0,55.0,4 Pts Head Light,-4.0,20.6mm,20.6,Braided Graphite + Basalt,62,62.0,Wilson Pro Performance,Low,1.0,"18 Mains / 20 CrossesMains Skip: 8T, 10T, 8H, 10HTwo PieceNo Shared Holes","Fast, Long Swing",3.0,335,335.0
Dunlop,Dunlop 98 (290g),$99.99,99.99,98 sq. in MP,98.0,27 inches,27.0,Strung — 10.7 oz / 303 g Unstrung — 10.2 oz / 289 g,303.0,45-60 Pounds,45.0,60.0,52.5,4 Pts Head Light,-4.0,21.5mm,21.5,Sonic Core with Infinergy,63,63.0,Dunlop Synthetic,Medium,2.0,"16 Mains / 19 CrossesMains Skip: 8T, 8HTwo PieceNo Shared Holes","Medium, Moderate Swing",2.0,318,318.0
Wilson,Wilson 108 (280g),$229,229.0,108 sq. in OS,108.0,27.25 inches,27.25,Strung — 10.5 oz / 298 g Unstrung — 9.9 oz / 280 g,298.0,48-58 Pounds,48.0,58.0,53.0,Even Balance,0.0,24.5mm,24.5,High Performance Carbon Fiber,54,54.0,Wilson Pro Performance,Medium,2.0,"16 Mains / 19 CrossesMains Skip: 7T, 9T, 7H, 9HTwo PieceNo Shared Holes","Medium, Moderate Swing",2.0,313,313.0
Head,Head 104 (270g),$129.95,129.95,104 sq. in MP,104.0,27 inches,27.0,Strung — 10.1 oz / 286 g Unstrung — 9.5 oz / 270 g,286.0,48-57 Pounds,48.0,57.0,52.5,1 Pt Head Light,-1.0,24mm,24.0,Graphene 360+ & Graphite,60,60.0,Head Hydrosorb Pro,High,3.0,"16 Mains / 20 CrossesMains Skip: 7T, 9T, 7H, 9HTwo PieceNo Shared Holes","Slow, Compact Swing",1.0,300,300.0
Yonex,VCORE 98,$229,229.0,98 sq. in MP,98.0,27 inches,27.0,Strung — 11.4 oz / 323 g Unstrung — 10.8 oz / 306 g,323.0,45-60 Pounds,45.0,60.0,52.5,6 Points Head Light,-6.0,22/22/21mm,21.0,H.M. Graphite/Black Micro Core/Namd,65,65.0,Yonex Synthetic,Low,1.0,"16 Mains / 19 CrossesMains Skip: 8T, 8HTwo PieceNo Shared Holes","Medium, Moderate Swing",2.0,318,318.0
Volkl,Volkl 115 (255g),$249.99,249.99,115 sq. in OS,115.0,27.8 inches,27.8,Strung — 9.5 oz / 269 g Unstrung — 9.0 oz / 255 g,269.0,48-58 Pounds,48.0,58.0,53.0,4 Pts Head Heavy,4.0,27/29mm,29.0,Vcell/Graphite,70,70.0,Volkl Synthetic,High,3.0,"16 Mains / 17 CrossesMains Skip: 7T, 9T, 8HTwo PieceNo Shared Holes","Slow, Compact Swing",1.0,314,314.0
Babolat,Pure Drive Lite,$199,199.0,100 sq. in MP,100.0,27 inches,27.0,Strung — 10 oz / 283 g Unstrung — 9.5 oz / 269 g,283.0,50-59 Pounds,50.0,59.0,54.5,Even Balance,0.0,23/26/23mm,23.0,Graphite,67,67.0,Babolat Syntec,Medium,2.0,"16 Mains / 19 CrossesMains Skip: 7T, 9T, 7H, 9HTwo PieceNo Shared Holes","Medium, Moderate Swing",2.0,313,313.0
Volkl,Volkl 98 (320g),$199.99,199.99,98 sq. in MP,98.0,27 inches,27.0,Strung — 11.8 oz / 335 g Unstrung — 11.3 oz / 320 g,335.0,50-60 Pounds,50.0,60.0,55.0,6 Pts Head Light,-6.0,20/21/20mm,20.0,Vcell/Graphite,66,66.0,Volkl Synthetic,Low,1.0,"16 Mains / 19 CrossesMains Skip: 8T, 8HTwo PieceNo Shared Holes","Fast, Long Swing",3.0,323,323.0
Volkl,Volkl 100 (260g),$149.99,149.99,100 sq. in MP,100.0,27 inches,27.0,Strung — 9.8 oz / 278 g Unstrung — 9.2 oz / 260 g,278.0,50-60 Pounds,50.0,60.0,55.0,1 Pts Head Light,-1.0,22/24/22mm,22.0,Vcell/Graphite,70,70.0,Volkl Synthetic,Medium,2.0,"16 Mains / 18 CrossesMains Skip: 8T, 8HTwo PieceNo Shared Holes","Medium, Moderate Swing",2.0,297,297.0
Head,Head 104 (285g),$129.95,129.95,104 sq. in MP,104.0,27 inches,27.0,Strung — 10.7 oz / 303 g Unstrung — 10.1 oz / 285 g,303.0,48-57 Pounds,48.0,57.0,52.5,3 Pts Head Light,-3.0,24mm,24.0,Graphene 360+ & Graphite,60,60.0,Head Hydrosorb Pro,Medium,2.0,"16 Mains / 20 CrossesMains Skip: 7T, 9T, 7H, 9HTwo PieceNo Shared Holes","Medium, Moderate Swing",2.0,310,310.0
Yonex,Yonex 98 (290g),$229,229.0,98 sq. in MP,98.0,27 inches,27.0,Strung — 10.7 oz / 303 g Unstrung — 10.2 oz / 289 g,303.0,49-55 Pounds,49.0,55.0,52.0,3 Pts Head Light,-3.0,22/21/22mm,22.0,H.M. Graphite/Black Micro Core/Namd,65,65.0,Yonex Synthetic,Medium,2.0,"16 Mains / 19 CrossesMains Skip: 8T, 8HTwo PieceNo Shared Holes","Medium, Moderate Swing",2.0,310,310.0
Pro,Pro 100 (290g),$179,179.0,100 sq. in MP,100.0,27 inches,27.0,Strung — 10.8 oz / 306 g Unstrung — 10.2 oz / 290 g,306.0,50-65 Pounds,50.0,65.0,57.5,3 Pts Head Light,-3.0,21.5mm,21.5,Graphite/Spiraltech Carbon,66,66.0,Pro Kennex Synthetic,Medium,2.0,"16 Mains / 20 CrossesMains Skip: 8T, 8HTwo PieceNo Shared Holes","Medium, Moderate Swing",2.0,316,316.0
Volkl,Volkl 99 (305g),$199.99,199.99,99 sq. in MP,99.0,27 inches,27.0,Strung — 11.3 oz / 320 g Unstrung — 10.8 oz / 305 g,320.0,50-60 Pounds,50.0,60.0,55.0,3 Pts Head Light,-3.0,23/20/23mm,23.0,Vcell/Graphite,70,70.0,Volkl Synthetic,Medium,2.0,"16 Mains / 19 CrossesMains Skip: 8T, 8HTwo PieceNo Shared Holes","Fast, Long Swing",3.0,320,320.0
Babolat,Pure Aero Team,$209,209.0,100 sq. in MP,100.0,27 inches,27.0,Strung — 10.7 oz / 303 g Unstrung — 10.1 oz / 285 g,303.0,50-59 Pounds,50.0,59.0,54.5,1 Pt Head Light,-1.0,21/23/21mm,21.0,Graphite,69,69.0,Babolat Syntec Team,Medium,2.0,"16 Mains / 19 CrossesMains Skip: 7T, 9T, 7H, 9HTwo PieceNo Shared Holes","Medium, Moderate Swing",2.0,310,310.0
Pro,Pro 98 (0g),$169,169.0,98 sq. in MP,98.0,27 inches,27.0,Strung — 11.7 oz / 332 g Unstrung — 11.1 oz /315 g,332.0,50-65 Pounds,50.0,65.0,57.5,6 Pts Head Light,-6.0,19.5mm,19.5,Graphite/Spiraltech Carbon,63,63.0,Pro Kennex Synthetic,Low,1.0,"16 Mains / 19 CrossesMains Skip: 7T, 9T, 7H, 9HTwo PieceNo Shared Holes","Fast, Long Swing",3.0,320,320.0
Yonex,VCORE 98,$229,229.0,98 sq. in MP,98.0,27.5 inches,27.5,Strung — 11.4 oz / 323 g Unstrung — 10.8 oz / 305 g,323.0,45-60 Pounds,45.0,60.0,52.5,5 Pts Head Light,-5.0,22/22/21mm,21.0,H.M. Graphite/Black Micro Core/Namd,64,64.0,Yonex Synthetic,Medium,2.0,"16 Mains / 19 CrossesMains Skip: 8T, 8HTwo PieceNo Shared Holes","Medium, Moderate Swing",2.0,340,340.0
Volkl,Volkl 102 (285g),$169.99,169.99,102 sq. in MP,102.0,27 inches,27.0,Strung — 10.6 oz / 301 g Unstrung — 10.1 oz / 286 g,301.0,50-60 Pounds,50.0,60.0,55.0,1 Pts Head Light,-1.0,25/22/28mm,28.0,Graphite,69,69.0,Volkl Synthetic,Medium,2.0,"16 Mains / 19 CrossesMains Skip: 8T, 8HTwo PieceNo Shared Holes","Medium, Moderate Swing",2.0,318,318.0
Babolat,Babolat 115 (240g),$169,169.0,115 sq. in OS,115.0,27.6 inches,27.6,Strung — 9.1 oz / 258 g Unstrung — 8.5 oz / 241 g,258.0,50-55 Pounds,50.0,55.0,52.5,5 Pts Head Heavy,5.0,25/28/24mm,24.0,Graphite,66,66.0,Syntec Lite,High,3.0,"16 Mains / 20 CrossesMains Skip: 8T, 8HTwo PieceNo Shared Holes","Slow, Compact Swing",1.0,314,314.0
Wilson,Blade 98 (16x19),$219,219.0,98 sq. in MP,98.0,27 inches,27.0,Strung — 11.4 oz / 323 g Unstrung — 10.8 oz / 305 g,323.0,50-60 Pounds,50.0,60.0,55.0,4 Pts Head Light,-4.0,20.6mm,20.6,Braided Graphite + Basalt,62,62.0,Wilson Pro Performance,Low,1.0,"16 Mains / 19 CrossesMains Skip: 8T, 8HTwo PieceNo Shared Holes","Fast, Long Swing",3.0,331,331.0
Wilson,Wilson 100 (265g),$199,199.0,100 sq. in MP,100.0,27 inches,27.0,Strung — 9.9 oz / 281 g Unstrung — 9.3 oz / 265 g,281.0,48-58 Pounds,48.0,58.0,53.0,1 Pt Head Light,-1.0,24.5mm,24.5,High Performance Carbon Fiber,54,54.0,Wilson Pro Performance,Medium,2.0,"16 Mains / 19 CrossesMains Skip: 7T, 9T, 7H, 9HTwo PieceNo Shared Holes","Medium, Moderate Swing",2.0,300,300.0
Pro,Pro 100 (310g),$179,179.0,100 sq. in MP,100.0,27 inches,27.0,Strung — 11.5 oz / 326 g Unstrung — 10.9 oz / 310 g,326.0,50-65 Pounds,50.0,65.0,57.5,8 Pts Head Light,-8.0,21.5mm,21.5,Graphite/Spiraltech Carbon,66,66.0,Pro Kennex Synthetic,Low,1.0,"16 Mains / 20 CrossesMains Skip: 8T, 8HTwo PieceNo Shared Holes","Fast, Long Swing",3.0,320,320.0
Yonex,VCORE 100,$229,229.0,100 sq. in MP,100.0,27 inches,27.0,Strung — 11.2 oz / 318 g Unstrung — 10.6 oz / 301 g,318.0,45-60 Pounds,45.0,60.0,52.5,4 Points Head Light,-4.0,24/25/22mm,22.0,H.M. Graphite/Black Micro Core/Namd,69,69.0,Yonex Synthetic,Medium,2.0,"16 Mains / 19 CrossesMains Skip: 8T, 8HTwo PieceNo Shared Holes","Medium, Moderate Swing",2.0,320,320.0
Babolat,Pure Strike 16x19,$219,219.0,98 sq. in MP,98.0,27 inches,27.0,Strung — 11.4 oz / 323 g Unstrung — 10.8 oz / 306 g,323.0,50-59 Pounds,50.0,59.0,54.5,4 Pts Head Light,-4.0,21/23/21mm,21.0,Graphite,67,67.0,Skin Feel,Low,1.0,"16 Mains / 19 CrossesMains Skip: 8T, 8HTwo PieceNo Shared Holes","Fast, Long Swing",3.0,330,330.0
Dunlop,CX 200,$99.99,99.99,98 sq. in MP,98.0,27 inches,27.0,Strung — 11.4 oz / 323 g Unstrung — 10.8 oz / 306 g,323.0,45-60 Pounds,45.0,60.0,52.5,6 Pts Head Light,-6.0,21.5mm,21.5,Sonic Core with Infinergy,64,64.0,Dunlop Synthetic,Low,1.0,"16 Mains / 19 CrossesMains Skip: 8T, 8HTwo PieceNo Shared Holes","Fast, Long Swing",3.0,318,318.0
Babolat,Pure Aero Tour,$229,229.0,100 sq. in MP,100.0,27 inches,27.0,Strung — 11.7 oz / 330 g Unstrung — 11.1 oz / 315 g,330.0,50-59 Pounds,50.0,59.0,54.5,6 Pts Head Light,-6.0,23/26/23mm,23.0,Graphite,65,65.0,Babolat Syntec Pro,Low,1.0,"16 Mains / 19 CrossesMains Skip: 7T, 9T, 7H, 9HTwo PieceNo Shared Holes","Fast, Long Swing",3.0,331,331.0
Wilson,Ultra 100UL,$229,229.0,100 sq. in MP,100.0,27 inches,27.0,Strung — 10.5 oz / 298 g Unstrung — 9.9 oz / 280 g,298.0,48-58 Pounds,48.0,58.0,53.0,6 Pts Head Light,-6.0,24.5mm,24.5,High Performance Carbon Fiber,52,52.0,Wilson Pro Performance,Medium,2.0,"16 Mains / 19 CrossesMains Skip: 7T, 9T, 7H, 9HTwo PieceNo Shared Holes","Medium, Moderate Swing",2.0,310,310.0
Yonex,Yonex 100 (270g),$179,179.0,100 sq. in MP,100.0,27 inches,27.0,Strung — 10.1 oz / 286 g Unstrung — 9.6 oz / 272 g,286.0,49-55 Pounds,49.0,55.0,52.0,3 Pts Head Light,-3.0,24/26/22mm,22.0,H.M. Graphite/Black Micro Core/Namd,65,65.0,Yonex Synthetic,High,3.0,"16 Mains / 19 CrossesMains Skip: 8T, 8HTwo PieceNo Shared Holes","Medium, Moderate Swing",2.0,305,305.0
Wilson,Wilson 104 (290g),$199,199.0,104 sq. in MP,104.0,27.5 inches,27.5,Strung — 10.8 oz / 306 Unstrung — 10.2 oz / 290 g,290.0,50-60 Pounds,50.0,60.0,55.0,6 Points Head Light,-6.0,22mm,22.0,Braided Graphite + Basalt,60,60.0,Wilson Pro Performance,Medium,2.0,"16 Mains / 19 CrossesMains Skip: 8T, 8HTwo PieceNo Shared Holes","Medium, Moderate Swing",2.0,321,321.0
Tecnifibre,Tecnifibre 270,$209.95,209.95,100 sq. in MP,100.0,27 inches,27.0,Strung — 10.1 oz / 286 g Unstrung — 9.5 oz / 270 g,286.0,49-59 Pounds,49.0,59.0,54.0,Even Balance,0.0,25/26.6/24.7mm,24.7,Graphite,73,73.0,Tecnifibre Wax Grip Feel,Medium,2.0,"16 Mains / 19 CrossesMains Skip: 7T, 9T, 7H, 9HTwo PieceNo Shared Holes","Medium, Moderate Swing",2.0,306,306.0
Volkl,Volkl 104 (290g),$179.99,179.99,104 sq. in MP,104.0,27.3 inches,27.3,Strung — 10.8 oz / 306 g Unstrung — 10.2 oz / 290 g,306.0,50-60 Pounds,50.0,60.0,55.0,3 Pts Head Light,-3.0,23/25/23mm,23.0,V Cell & Graphite,70,70.0,Volkl Perforated,Medium,2.0,"16 Mains / 19 CrossesMains Skip: 8T, 8HTwo PieceNo Shared Holes","Medium, Moderate Swing",2.0,321,321.0
Volkl,Volkl 110 (285g),$199.99,199.99,110 sq. in OS,110.0,27.6 inches,27.6,Strung — 10.7 oz / 303 g Unstrung — 10.1 oz / 285 g,303.0,50-60 Pounds,50.0,60.0,55.0,5 Pts Head Light,-5.0,26/23/29mm,29.0,Vcell/Graphite,68,68.0,Volkl Synthetic,High,3.0,"16 Mains / 19 CrossesMains Skip: 8T, 8HTwo PieceNo Shared Holes","Slow, Compact Swing",1.0,312,312.0
Volkl,Volkl 115 (265g),$229.99,229.99,115 sq. in OS,115.0,27.6 inches,27.6,Strung — 9.9 oz / 281 g Unstrung — 9.4 oz / 266 g,281.0,50-60 Pounds,50.0,60.0,55.0,2 Pts Head Light,-2.0,28mm,28.0,Vcell/Graphite,68,68.0,Volkl Synthetic,High,3.0,"16 Mains / 19 CrossesMains Skip: 8T, 8HTwo PieceNo Shared Holes","Slow, Compact Swing",1.0,317,317.0
Babolat,Pure Drive Team,$209,209.0,100 sq. in MP,100.0,27 inches,27.0,Strung — 10.6 oz / 301 g Unstrung — 10.1 oz / 286 g,301.0,50-59 Pounds,50.0,59.0,54.5,4 pts Head Light,-4.0,23/26/23mm,23.0,Graphite,67,67.0,Babolat Syntec,Medium,2.0,"16 Mains / 19 CrossesMains Skip: 7T, 9T, 7H, 9HTwo PieceNo Shared Holes","Medium, Moderate Swing",2.0,311,311.0
Wilson,Clash 100L,$249,249.0,100 sq. in MP,100.0,27 inches,27.0,Strung — 10.9 oz / 310 g Unstrung — 10.4 oz / 295 g,310.0,48-58 Pounds,48.0,58.0,53.0,7 Pts Head Light,-7.0,24.5mm,24.5,High Performance Carbon Fiber,49,49.0,Wilson Pro Performance,Low,1.0,"16 Mains / 19 CrossesMains Skip: 7T, 9T, 7H, 9HTwo PieceNo Shared Holes","Fast, Long Swing",3.0,327,327.0
Wilson,Wilson 100 (285g),$199,199.0,100 sq. in MP,100.0,27 inches,27.0,Strung — 10.7 oz / 303 g Unstrung — 10.1 oz / 285 g,303.0,50-60 Pounds,50.0,60.0,55.0,1 Point Head Light,-1.0,22mm,22.0,Braided Graphite + Basalt,68,68.0,Wilson Pro Performance,Medium,2.0,"16 Mains / 19 CrossesMains Skip: 8T, 8HTwo PieceNo Shared Holes","Medium, Moderate Swing",2.0,317,317.0
Pro,Pro 105 (285g),$189,189.0,105 sq. in OS,105.0,27.5 inches,27.5,Strung — 10.6 oz / 301 g Unstrung — 10.0 oz / 285 g,301.0,50-65 Pounds,50.0,65.0,57.5,5 Pts Head Light,-5.0,26mm,26.0,Graphite/Spiraltech Carbon,72,72.0,Pro Kennex Synthetic,Medium,2.0,"16 Mains / 19 CrossesMains Skip: 7T, 9T, 7H, 9HTwo PieceNo Shared Holes","Medium, Moderate Swing",2.0,320,320.0
Dunlop,Dunlop 115 (255g),$229,229.0,115 sq. in OS,115.0,27.5 inches,27.5,Strung — 9.5 oz / 269 g Unstrung — 9 oz / 255 g,269.0,45-60 Pounds,45.0,60.0,52.5,6 Pts Head Heavy,6.0,27-28-26mm,26.0,Sonic Core,75,75.0,Dunlop Synthetic,High,3.0,"16 Mains / 18 CrossesMains Skip: 8T, 8HTwo PieceNo Shared Holes","Slow, Compact Swing",1.0,314,314.0
Yonex,Yonex 100 (270g),$179,179.0,100 sq. in MP,100.0,27 inches,27.0,Strung — 10.1 oz / 286 g Unstrung — 9.6 oz / 272 g,286.0,49-55 Pounds,49.0,55.0,52.0,3 Pts Head Light,-3.0,24/26/22mm,22.0,H.M. Graphite/Black Micro Core/Namd,65,65.0,Yonex Synthetic,High,3.0,"16 Mains / 19 CrossesMains Skip: 8T, 8HTwo PieceNo Shared Holes","Medium, Moderate Swing",2.0,305,305.0
Volkl,Volkl 102 (285g),$199.99,199.99,102 sq. in MP,102.0,27 inches,27.0,Strung — 10.7 oz / 303 g Unstrung — 10.1 oz / 285 g,303.0,50-60 Pounds,50.0,60.0,55.0,3 Pts Head Light,-3.0,25/22/28mm,28.0,Vcell/Graphite,68,68.0,Volkl Synthetic,Medium,2.0,"16 Mains / 19 CrossesMains Skip: 8T, 8HTwo PieceNo Shared Holes","Medium, Moderate Swing",2.0,308,308.0
Babolat,Pure Strike 16x19,$219,219.0,98 sq. in MP,98.0,27 inches,27.0,Strung — 11.4 oz / 323 g Unstrung — 10.8 oz / 306 g,323.0,50-59 Pounds,50.0,59.0,54.5,4 Pts Head Light,-4.0,21/23/21mm,21.0,Graphite,67,67.0,Skin Feel,Low,1.0,"18 Mains / 20 CrossesMains Skip: 8T, 10T, 8H, 10HTwo PieceNo Shared Holes","Fast, Long Swing",3.0,332,332.0
Pro,Pro 98 (325g),$169,169.0,98 sq. in MP,98.0,27 inches,27.0,Strung — 12.0 oz / 340 g Unstrung — 11.5 oz / 325 g,340.0,50-65 Pounds,50.0,65.0,57.5,7 Pts Head Light,-7.0,19.5mm,19.5,Graphite/Spiraltech Carbon,63,63.0,Pro Kennex Synthetic,Low,1.0,"18 Mains / 20 CrossesMains Skip: 8T, 10T, 8H, 10HTwo PieceNo Shared Holes","Fast, Long Swing",3.0,327,327.0
Wilson,Wilson 98 (310g),$249,249.0,98 sq. in MP,98.0,27 inches,27.0,Strung — 11.5 oz / 326 g Unstrung — 10.9 oz / 309 g,326.0,48-58 Pounds,48.0,58.0,53.0,9 Pts Head Light,-9.0,24mm,24.0,High Performance Carbon Fiber,52,52.0,Wilson Pro Performance,Low,1.0,"16 Mains / 19 CrossesMains Skip: 7T, 9T, 7H, 9HTwo PieceNo Shared Holes","Fast, Long Swing",3.0,329,329.0
Volkl,Volkl 98 (300g),$199.99,199.99,98 sq. in MP,98.0,27 inches,27.0,Strung — 11.1 oz / 315 g Unstrung — 10.6 oz / 301 g,315.0,50-60 Pounds,50.0,60.0,55.0,3 Pts Head Light,-3.0,20/21/20mm,20.0,Vcell/Graphite,69,69.0,Volkl Synthetic,Low,1.0,"16 Mains / 19 CrossesMains Skip: 8T, 8HTwo PieceNo Shared Holes","Fast, Long Swing",3.0,312,312.0
Dunlop,Dunlop 110 (255g),$229,229.0,110 sq. in OS,110.0,27.5 inches,27.5,Strung — 9.5 oz / 269 g Unstrung — 9 oz / 255 g,269.0,45-60 Pounds,45.0,60.0,52.5,5 Pts Head Heavy,5.0,26-27-26mm,26.0,Sonic Core,76,76.0,Dunlop Synthetic,High,3.0,"16 Mains / 18 CrossesMains Skip: 8T, 8HTwo PieceNo Shared Holes","Slow, Compact Swing",1.0,315,315.0
Babolat,Pure Drive,$219,219.0,100 sq. in MP,100.0,27.5 inches,27.5,Strung — 11.1 oz / 315 g Unstrung — 10.6 oz / 301 g,315.0,50-59 Pounds,50.0,59.0,54.5,9 Pts Head Light,-9.0,23 / 26 / 23mm,23.0,Graphite,68,68.0,Babolat Syntec Pro,Medium,2.0,"16 Mains / 19 CrossesMains Skip: 7T, 9T, 7H, 9HTwo PieceNo Shared Holes","Fast, Long Swing",3.0,323,323.0
Pro,Pro 100 (300g),$159.99,159.99,100 sq. in MP,100.0,27 inches,27.0,Strung — 11 oz / 312 g Unstrung — 10.5 oz / 298 g,312.0,50-65 Pounds,50.0,65.0,57.5,7 Pts Head Light,-7.0,22mm,22.0,Spiral Tech Carbon/Graphite,65,65.0,Pro Kennex Synthetic,Low,1.0,"16 Mains / 20 CrossesMains Skip: 8T, 8HTwo PieceNo Shared Holes","Fast, Long Swing",3.0,320,320.0
Gamma,Gamma 137 (280g),$219.99,219.99,137 sq. in OS,137.0,29 inches,29.0,Strung — 10.4 oz / 295 g Unstrung — 9.8 oz / 278 g,295.0,50-65 Pounds,50.0,65.0,57.5,7 Pts Head Heavy,7.0,22/24/22mm,22.0,Graphite,64,64.0,RZR Tac,High,3.0,"18 Mains / 21 CrossesMains Skip: 7T, 9T, 11T, 9HOne PieceNo Shared Holes","Slow, Compact Swing",1.0,412,412.0
Babolat,Pure Aero Tour,$219,219.0,100 sq. in MP,100.0,27 inches,27.0,Strung — 11.6 oz / 329 g Unstrung — 11.1 oz / 315 g,329.0,50-59 Pounds,50.0,59.0,54.5,9 Pts Head Light,-9.0,23/26/23mm,23.0,Graphite,70,70.0,Babolat Syntec Pro,Low,1.0,"16 Mains / 19 CrossesMains Skip: 7T, 10T, 7H, 10HTwo PieceNo Shared Holes","Fast, Long Swing",3.0,320,320.0
Head,Head 107 (295g),$89.95,89.95,107 sq. in OS,107.0,27 inches,27.0,Strung — 10.9 oz / 309 g Unstrung — 10.4 oz / 295 g,309.0,52-62 Pounds,52.0,62.0,57.0,3 Pts Head Light,-3.0,21mm,21.0,Graphite/Microgel,56,56.0,HydroSorb,Low,1.0,"18 Mains / 19 CrossesMains Skip: 8T, 10T, 9HTwo PieceNo Shared Holes","Fast, Long Swing",3.0,319,319.0
Pro,Pro 105 (300g),$169.99,169.99,105 sq. in OS,105.0,27.5 inches,27.5,Strung — 11 oz / 312 g Unstrung — 10.5 oz / 298 g,312.0,50-65 Pounds,50.0,65.0,57.5,9 Pts Head Light,-9.0,25/24.5/23mm,23.0,Spiral Tech Carbon/Graphite,70,70.0,Pro Kennex Synthetic,Medium,2.0,"16 Mains / 19 CrossesMains Skip: 7T, 9T, 8HTwo PieceNo Shared Holes","Fast, Long Swing",3.0,337,337.0
Wilson,Wilson 110 (240g),$99,99.0,110 sq. in OS,110.0,27.5 inches,27.5,Strung — 9.0 oz / 255 g Unstrung — 8.4 oz / 238 g,255.0,53-63 Pounds,53.0,63.0,58.0,11 Pts Head Heavy,11.0,28/25mm Dual Taper Beam,25.0,Hyper Carbon and Graphite,70,70.0,Cushion Aire,Medium,2.0,"16 Mains / 20 CrossesMains Skip: 7T, 9T, 7H, 9HTwo PieceNo Shared Holes","Medium, Moderate Swing",2.0,307,307.0
Yonex,Yonex 115 (260g),$259,259.0,115 sq. in OS,115.0,27.25 inches,27.25,Strung — 9.7 oz / 275 g Unstrung — 9.2 oz / 261 g,275.0,40-60 Pounds,40.0,60.0,50.0,1 Pt Head Heavy,1.0,26/29/26 mm,26.0,H.M. Graphite/Vibslayer Carbon/Quake Shut Gel+,69,69.0,Super Grap,Medium,2.0,"16 Mains / 17 CrossesMains Skip: 8T, 8HTwo PieceNo Shared Holes","Slow, Compact Swing",1.0,311,311.0
Babolat,Pure Aero Tour,$219,219.0,100 sq. in MP,100.0,27.5 inches,27.5,Strung — 11.6 oz / 329 g Unstrung — 11.1 oz / 315 g,329.0,50-59 Pounds,50.0,59.0,54.5,11 Pts Head Light,-11.0,23/26/23mm,23.0,Graphite,69,69.0,Babolat Syntec Pro,Low,1.0,"16 Mains / 19 CrossesMains Skip: 7T, 10T, 7H, 10HTwo PieceNo Shared Holes","Fast, Long Swing",3.0,321,321.0
Babolat,Babolat 115 (240g),$159,159.0,115 sq. in OS,115.0,27.6 inches,27.6,Strung — 9.1 oz / 258 g Unstrung — 8.5 oz / 241 g,258.0,50-55 Pounds,50.0,55.0,52.5,5 Pts Head Heavy,5.0,25/28/24mm,24.0,Graphite,66,66.0,Syntec Lite,High,3.0,"16 Mains / 20 CrossesMains Skip: 8T, 8HTwo PieceNo Shared Holes","Slow, Compact Swing",1.0,314,314.0
Head,Gravity MP,$89,89.0,100 sq. in MP,100.0,27 inches,27.0,Strung — 11 oz / 312 g Unstrung — 10.4 oz / 295 g,312.0,52-62 Pounds,52.0,62.0,57.0,1 Pt Head Light,-1.0,23-25-21mm,21.0,Microgel / Graphite,66,66.0,1 2 3 4 5,HydroSorb,,"LowString Pattern:18 Mains / 19 CrossesMains Skip: 8T,10T,8H,10H",No Shared Holes,,"Fast, Long Swing",
Pacific,Pacific 100 (285g),$129.95,129.95,100 sq. in MP,100.0,27.38 inches,27.38,Strung — 10.6 oz / 301 g Unstrung — 10.1 oz / 286 g,301.0,50-60 Pounds,50.0,60.0,55.0,8 Pts Head Light,-8.0,25.5mm/23.5mm/22.5mm,23.83333333333330,Graphite/Basalt,65,65.0,Master Grip,Medium,2.0,"16 Mains / 19 CrossesMains Skip: 8T, 8HTwo PieceNo Shared Holes","Fast, Long Swing",3.0,303,303.0
Pro,Pro 100 (295g),$129.95,129.95,100 sq. in MP,100.0,27 inches,27.0,Strung — 10.9 oz / 309 g Unstrung — 10.4 oz / 295 g,309.0,50-65 Pounds,50.0,65.0,57.5,8.8 Pts Head Light,-8.8,22.5mm,22.5,Spiral Tech Carbon/Graphite,62,62.0,Pro Kennex Synthetic,Low,1.0,"16 Mains / 20 CrossesMains Skip: 8T, 8HTwo PieceNo Shared Holes","Fast, Long Swing",3.0,314,314.0
Yonex,Yonex 105 (270g),$259,259.0,105 sq. in OS,105.0,27 inches,27.0,Strung — 10.2 oz / 289 g Unstrung — 9.5 oz / 269 g,289.0,40-55 Pounds,40.0,55.0,47.5,4 Pts Head Light,-4.0,26/29/26 mm,26.0,H.M. Graphite/Vibslayer Carbon/Quake Shut Gel+,72,72.0,Super Grap,Medium,2.0,"16 Mains / 18 CrossesMains Skip: 8T, 8HTwo PieceNo Shared Holes","Slow, Compact Swing",1.0,306,306.0
Wilson,Pro Staff 97L,$199,199.0,97 sq. in MP,97.0,27 inches,27.0,Strung — 10.7 oz / 303 g Unstrung — 10.2 oz / 289 g,303.0,50-60 Pounds,50.0,60.0,55.0,6 Pts Head Light,-6.0,23mm,23.0,Braided Graphite,68,68.0,Wilson Sublime,Medium,2.0,"16 Mains / 19 CrossesMains Skip: 7T, 9T, 7H, 9HTwo PieceNo Shared Holes","Fast, Long Swing",3.0,313,313.0
Head,Head 115 (225g),$99.95,99.95,115 sq. in OS,115.0,27.5 inches,27.5,Strung — 8.5 oz / 241 g Unstrung — 7.9 oz / 224 g,241.0,57-66 Pounds,57.0,66.0,61.5,9 Pts Head Heavy,9.0,28.5mm,28.5,Graphite/Intellifiber,74,74.0,Hydrosorb,High,3.0,14 Mains / 17 CrossesMains Skip: 7TOne PieceNo Shared Holes,"Slow, Compact Swing",1.0,315,315.0
Dunlop,Dunlop 105 (270g),$89,89.0,105 sq. in OS,105.0,27.25 inches,27.25,Strung — 10 oz / 283 g Unstrung — 9.5 oz / 269 g,283.0,40-55 Pounds,40.0,55.0,47.5,2 Pts Head Light,-2.0,23/26.5/23mm,23.0,Sonic Core/Graphite,63,63.0,Dunlop Synthetic,Medium,2.0,"16 Mains / 19 CrossesMains Skip: 8T, 8HTwo PieceNo Shared Holes","Medium, Moderate Swing",2.0,322,322.0
Dunlop,Dunlop 100 (285g),$99.99,99.99,100 sq. in MP,100.0,27 inches,27.0,Strung — 10.6 oz / 301 g Unstrung — 10.1 oz / 286 g,301.0,45-60 Pounds,45.0,60.0,52.5,6 Pts Head Light,-6.0,23/26/23mm,23.0,Sonic Core/Graphite,67,67.0,Dunlop Synthetic,Medium,2.0,"16 Mains / 19 CrossesMains Skip: 8T, 8HTwo PieceNo Shared Holes","Fast, Long Swing",3.0,311,311.0
Head,Radical MP,$89.95,89.95,98 sq. in MP,98.0,27 inches,27.0,Strung — 10.9 oz / 309 g Unstrung — 10.4 oz / 295 g,309.0,52-62 Pounds,52.0,62.0,57.0,4 Pts Head Light,-4.0,21mm,21.0,Graphite/Microgel,57,57.0,HydroSorb,Low,1.0,"18 Mains / 20 CrossesMains Skip: 9T, 8H, 10HTwo PieceNo Shared Holes","Fast, Long Swing",3.0,308,308.0
Gamma,Gamma 117 (250g),$219.99,219.99,117 sq. in OS,117.0,27 inches,27.0,Strung — 9.3 oz / 264 g Unstrung — 8.8 oz / 249 g,264.0,55-65 Pounds,55.0,65.0,60.0,7 Pts Head Heavy,7.0,22/23.5/22mm,22.0,Graphite,64,64.0,Gamma Synthetic,High,3.0,"16 Mains / 19 CrossesMains Skip: 6T, 8T, 10T, 8HTwo PieceNo Shared Holes","Medium, Moderate Swing",2.0,310,310.0
Pacific,Pacific 100 (285g),$149.95,149.95,100 sq. in MP,100.0,27.36 inches,27.36,Strung — 10.6 oz / 301 g Unstrung — 10.1 oz / 286 g,301.0,50-60 Pounds,50.0,60.0,55.0,8 Pts Head Light,-8.0,25/23/22mm,22.0,Graphite/Basalt,57,57.0,Master's Grip,Low,1.0,"16 Mains / 19 CrossesMains Skip: 8T, 8HTwo PieceNo Shared Holes","Fast, Long Swing",3.0,323,323.0
Pro,Pro 100 (320g),$159.99,159.99,100 sq. in MP,100.0,27 inches,27.0,Strung — 11.8 oz / 335 g Unstrung — 11.3 oz / 320 g,335.0,50-65 Pounds,50.0,65.0,57.5,10 Pts Head Light,-10.0,22mm,22.0,Spiral Tech Carbon/Graphite,63,63.0,Pro Kennex Synthetic,Low,1.0,"16 Mains / 20 CrossesMains Skip: 8T, 8HTwo PieceNo Shared Holes","Fast, Long Swing",3.0,324,324.0
Babolat,Babolat 107 (285g),$199,199.0,107 sq. in OS,107.0,27.2 inches,27.2,Strung — 10.6 oz / 301 g Unstrung — 10.1 oz / 286 g,301.0,50-59 Pounds,50.0,59.0,54.5,8 Pts Head Light,-8.0,23/26/23mm,23.0,Graphite,66,66.0,Babolat Syntec Pro,Medium,2.0,"16 Mains / 19 CrossesMains Skip: 7T, 9T, 7H, 9HTwo PieceNo Shared Holes","Medium, Moderate Swing",2.0,321,321.0
Head,Head 115 (235g),$79.95,79.95,115 sq. in OS,115.0,27.5 inches,27.5,Strung — 8.9 oz / 252 g Unstrung — 8.3 oz / 235 g,252.0,57-66 Pounds,57.0,66.0,61.5,13 Pts Head Heavy,13.0,28.5 mm,28.5,Graphite/Titanium Composite,76,76.0,Head Cusion Grip,High,3.0,"16 Mains / 19 CrossesMains Skip: 8T, 7H, 9HOne PieceNo Shared Holes","Medium, Moderate Swing",2.0,303,303.0
Babolat,Pure Drive Team,$199,199.0,100 sq. in MP,100.0,27 inches,27.0,Strung — 10.6 oz / 301 g Unstrung — 10.1 oz / 286 g,301.0,50-59 Pounds,50.0,59.0,54.5,7 Pts Head Light,-7.0,23/26/23mm,23.0,Graphite,67,67.0,Babolat Syntec Pro,Medium,2.0,"16 Mains / 19 CrossesMains Skip: 7T, 9T, 7H, 9HTwo PieceNo Shared Holes","Medium, Moderate Swing",2.0,321,321.0
Pro,Pro 105 (260g),$169.99,169.99,105 sq. in OS,105.0,27.5 inches,27.5,Strung — 9.6 oz / 272 g Unstrung — 9.1 oz / 258 g,272.0,50-65 Pounds,50.0,65.0,57.5,3 Pts Head Light,-3.0,25/24.5/23mm,23.0,Spiral Tech Carbon/Graphite,68,68.0,Pro Kennex Synthetic,High,3.0,"16 Mains / 19 CrossesMains Skip: 7T, 9T, 8HTwo PieceNo Shared Holes","Medium, Moderate Swing",2.0,319,319.0
Pro,Pro 100 (320g),$129,129.0,100 sq. in MP,100.0,27.5 inches,27.5,Strung — 11.7 oz / 332 g Unstrung — 11.3 oz / 320 g,332.0,52-68 Pounds,52.0,68.0,60.0,9 Pts Head Light,-9.0,22 mm Straight Beam,22.0,100% Ultra High Modulus Graphite with kinetic System Technology,65,65.0,1 2 3 4 5,perforated Cushion Grip,,"MediumString Pattern:16 Mains / 20 CrossesMains Skip: 8T,8H",No Shared Holes,,"Fast, Long Swing",
Yonex,Yonex 95 (310g),$229,229.0,95 sq. in MP,95.0,27 inches,27.0,Strung — 11.5 oz / 326 g Unstrung — 10.9 oz / 309 g,326.0,45-60 Pounds,45.0,60.0,52.5,7 Pts Head Light,-7.0,21/21/20mm,20.0,H.M. Graphite/Black Micro Core/Namd,60,60.0,Yonex Synthetic,Low,1.0,"16 Mains / 20 CrossesMains Skip: 7T, 9T, 7H, 9HTwo PieceNo Shared Holes","Fast, Long Swing",3.0,323,323.0
Babolat,Pure Drive,$219,219.0,100 sq. in MP,100.0,27.5 inches,27.5,Strung — 11.1 oz / 315 g Unstrung — 10.6 oz / 301 g,315.0,50-59 Pounds,50.0,59.0,54.5,9 Pts Head Light,-9.0,23/26/23mm,23.0,Graphite,69,69.0,Babolat Syntec Pro,Medium,2.0,"16 Mains / 19 CrossesMains Skip: 7T, 9T, 7H, 9HTwo PieceNo Shared Holes","Medium, Moderate Swing",2.0,320,320.0
Head,Head 107 (225g),$74.95,74.95,107 sq. in OS,107.0,27.5 inches,27.5,Strung — 8.5 oz / 241 g Unstrung — 7.9 oz / 224 g,241.0,55-64 Pounds,55.0,64.0,59.5,7 Pts Head Heavy,7.0,Graphite / titanium composite,,68,1 2 3 4 5,1.0,SofTac,High,3.0,"16 Mains / 19 CrossesMains Skip: 7T,9T,7H,9HOne pieceNo Shared Holes","Medium, Moderate Swing",2.0,310,310.0
Genesis,Genesis 100 (315g),$169.90,169.9,100 sq. in MP,100.0,27 inches,27.0,Strung — 11.8 oz / 335 g Unstrung — 11.1 oz / 315 g,335.0,45-65 Pounds,45.0,65.0,55.0,8 Pts Head Light,-8.0,22/26/24mm,24.0,Toray Carbon Fibers,72,72.0,Genesis Synthetic,High,3.0,"16 Mains / 19 CrossesMains Skip: 7T, 9T, 7H, 9HTwo PieceNo Shared Holes","Fast, Long Swing",3.0,323,323.0
Prince,Phantom 100X (305g),$229.00,229.0,100 sq. in MP,100.0,27 inches,27.0,Strung — 11.4 oz / 323 g Unstrung — 10.8 oz / 305 g,323.0,45-55 Pounds,45.0,55.0,50.0,6 Pts Head Light,-6.0,22mm / 20.5mm / 18mm,20.2,Textreme/Zylon/Graphite,59,59.0,Prince ResiTex Tour,Low,1.0,16 Mains / 18 Crosses,"Fast, Long Swing",3.0,320,320.0
Prince,Tour 100 (290g),$199.00,199.0,100 sq. in MP,100.0,27 inches,27.0,Strung — 10.8 oz / 306 g Unstrung — 10.2 oz / 290 g,306.0,48-58 Pounds,48.0,58.0,53.0,4 Pts Head Light,-4.0,22mm / 23mm / 20mm,21.7,Textreme/Twaron/Graphite,62,62.0,Prince ResiTex Pro,Low-Medium,1.5,16 Mains / 18 Crosses,Medium-Fast,2.5,318,318.0
Prince,Tour 100 (310g),$209.00,209.0,100 sq. in MP,100.0,27 inches,27.0,Strung — 11.5 oz / 326 g Unstrung — 10.9 oz / 310 g,326.0,48-58 Pounds,48.0,58.0,53.0,7 Pts Head Light,-7.0,22mm / 23mm / 20mm,21.7,Textreme/Twaron/Graphite,68,68.0,Prince ResiTex Pro,Low-Medium,1.5,16 Mains / 18 Crosses,"Fast, Long Swing",3.0,320,320.0
Prince,Beast 100 (300g),$189.00,189.0,100 sq. in MP,100.0,27 inches,27.0,Strung — 11.2 oz / 318 g Unstrung — 10.6 oz / 300 g,318.0,50-60 Pounds,50.0,60.0,55.0,6 Pts Head Light,-6.0,24mm / 25.5mm / 22mm,23.8,Textreme/Twaron/Graphite,67,67.0,Prince ResiPro,Medium-High,2.5,16 Mains / 19 Crosses,Medium-Fast,2.5,320,320.0
Prince,Ripstick 100 (300g),$199.00,199.0,100 sq. in MP,100.0,27 inches,27.0,Strung — 11.2 oz / 318 g Unstrung — 10.6 oz / 300 g,318.0,50-60 Pounds,50.0,60.0,55.0,4 Pts Head Light,-4.0,27mm / 25.5mm / 22mm,24.8,Textreme/Twaron/Graphite,64,64.0,Prince ResiTex Pro,High,3.0,16 Mains / 18 Crosses,Medium-Fast,2.5,325,325.0
Prince,Phantom 97P,$209.00,209.0,97 sq. in MP,97.0,27 inches,27.0,Strung — 12.1 oz / 342 g Unstrung — 11.3 oz / 320 g,342.0,48-58 Pounds,48.0,58.0,53.0,7 Pts Head Light,-7.0,20.5mm / 19.5mm / 16.5mm,18.8,Textreme/Twaron/Graphite,59,59.0,Prince ResiTex Tour,Low,1.0,16 Mains / 18 Crosses,"Fast, Long Swing",3.0,326,326.0
Prince,Twistpower X100,$199.00,199.0,100 sq. in MP,100.0,27 inches,27.0,Strung — 10.8 oz / 306 g Unstrung — 10.2 oz / 290 g,306.0,45-55 Pounds,45.0,55.0,50.0,4 Pts Head Light,-4.0,24.5mm / 24.5mm / 20mm,23.0,Textreme/Twaron/Graphite,66,66.0,Prince Synthetic,Low-Medium,1.5,16 Mains / 18 Crosses,Medium-Fast,2.5,314,314.0
Prince,Legacy 105,$189.00,189.0,105 sq. in MP,105.0,27.25 inches,27.25,Strung — 10.4 oz / 295 g Unstrung — 9.9 oz / 280 g,295.0,50-60 Pounds,50.0,60.0,55.0,Even Balance,0.0,24mm / 26mm / 23mm,24.3,Textreme/Twaron/Graphite,63,63.0,Prince ResiPro,Medium,2.0,16 Mains / 19 Crosses,"Medium, Moderate Swing",2.0,325,325.0
Prince,Synergy 98,$179.00,179.0,98 sq. in MP,98.0,27 inches,27.0,Strung — 11.4 oz / 323 g Unstrung — 10.8 oz / 305 g,323.0,50-60 Pounds,50.0,60.0,55.0,4 Pts Head Light,-4.0,25mm / 23mm / 21.5mm,23.2,Graphite,60,60.0,Prince ResiTex Pro,Low,1.0,18 Mains / 18 Crosses,"Fast, Long Swing",3.0,334,334.0
Gamma,RZR 98 M,$149.00,149.0,98 sq. in MP,98.0,27 inches,27.0,Strung — 11.4 oz / 323 g Unstrung — 10.8 oz / 305 g,323.0,55-65 Pounds,55.0,65.0,60.0,6 Pts Head Light,-6.0,22mm,22.0,Graphite,59,59.0,Gamma RZR Tac,Low-Medium,1.5,16 Mains / 18 Crosses,"Fast, Long Swing",3.0,319,319.0
Gamma,RZR Bubba 137,$239.99,239.99,137 sq. in OS,137.0,29 inches,29.0,Strung — 10.4 oz / 295 g Unstrung — 9.8 oz / 277 g,295.0,50-65 Pounds,50.0,65.0,57.5,7 Pts Head Light,-7.0,22mm / 24mm / 22mm,22.7,Graphite,64,64.0,Gamma RZR Tac,High,3.0,18 Mains / 21 Crosses,"Slow, Compact Swing",1.0,412,412.0
Gamma,G325,$129.00,129.0,95 sq. in MP,95.0,27 inches,27.0,Strung — 12.0 oz / 340 g Unstrung — 11.5 oz / 325 g,340.0,55-65 Pounds,55.0,65.0,60.0,11 Pts Head Light,-11.0,19mm,19.0,High Modulus Graphite,61,61.0,Gamma Hi-Tech,Low,1.0,16 Mains / 18 Crosses,"Fast, Long Swing",3.0,318,318.0
Gamma,RZR 100,$139.95,139.95,100 sq. in MP,100.0,27 inches,27.0,Strung — 10.5 oz / 298 g Unstrung — 9.9 oz / 280 g,298.0,50-60 Pounds,50.0,60.0,55.0,2 Pts Head Light,-2.0,24mm / 26mm / 22mm,24.0,Graphite,67,67.0,Gamma RZR Tac,Medium,2.0,16 Mains / 18 Crosses,Medium-Fast,2.5,298,298.0
Gamma,RZR 98T,$149.95,149.95,98 sq. in MP,98.0,27 inches,27.0,Strung — 12.1 oz / 343 g Unstrung — 11.5 oz / 325 g,343.0,55-62 Pounds,55.0,62.0,58.5,6 Pts Head Light,-6.0,22mm,22.0,Graphite,62,62.0,Gamma RZR Tac,Low,1.0,16 Mains / 18 Crosses,"Fast, Long Swing",3.0,356,356.0
Gamma,RZR 105,$129.95,129.95,105 sq. in MP,105.0,27.25 inches,27.25,Strung — 10.4 oz / 295 g Unstrung — 9.9 oz / 280 g,295.0,50-60 Pounds,50.0,60.0,55.0,Even Balance,0.0,22mm / 26mm / 24mm,24.0,Graphite,75,75.0,Gamma RZR Tac,Medium-High,2.5,16 Mains / 19 Crosses,"Medium, Moderate Swing",2.0,310,310.0